Server ID,Sponsor,Server Name,Timestamp,Distance,Ping,Download,Upload,Share
8738,Xiber LLC,"Indianapolis, IN",2020-07-10T14:43:15.874433Z,77.17346459076903,48.218,81410538.03840323,3440238.5086580566,
11546,NineStar Connect,"Greenfield, IN",2020-07-10T14:44:12.841045Z,55.67161928072508,48.418,76522279.3316839,3548424.3019320625,
8738,Xiber LLC,"Indianapolis, IN",2020-07-10T14:50:09.447660Z,77.17346459076903,46.415,83972461.7658252,3439294.7140150634,
10152,CenturyLink,"Indianapolis, IN",2020-07-10T15:00:02.649710Z,77.17346459076903,49.451,79315414.05381231,3460118.5919368747,
11441,LightBound,"Indianapolis, IN",2020-07-10T15:15:02.844963Z,77.17346459076903,48.729,78935169.9010336,2814782.3485251362,
8738,Xiber LLC,"Indianapolis, IN",2020-07-10T15:30:02.280484Z,77.17346459076903,49.531,83644129.42671868,3429912.2807635483,
11441,LightBound,"Indianapolis, IN",2020-07-10T15:45:03.118327Z,77.17346459076903,47.648,82769165.48080151,3439666.8770987554,
10152,CenturyLink,"Indianapolis, IN",2020-07-10T16:00:03.045870Z,77.17346459076903,48.235,80042010.03572707,3439965.4712665365,
8738,Xiber LLC,"Indianapolis, IN",2020-07-10T16:15:02.402197Z,77.17346459076903,49.939,84713863.42325035,3493719.8247006647,
10152,CenturyLink,"Indianapolis, IN",2020-07-10T16:30:02.872716Z,77.17346459076903,48.994,80138886.76342204,3474546.6144034145,
8738,Xiber LLC,"Indianapolis, IN",2020-07-10T16:45:02.487506Z,77.17346459076903,49.675,75062137.19962367,3467622.4398462907,
8738,Xiber LLC,"Indianapolis, IN",2020-07-10T17:00:02.853170Z,77.17346459076903,46.695,82787272.15250403,3448882.5646276805,
11441,LightBound,"Indianapolis, IN",2020-07-10T17:23:27.808279Z,77.17346459076903,47.334,82033387.32283457,3490564.9429249605,
10152,CenturyLink,"Indianapolis, IN",2020-07-10T17:24:34.499466Z,77.17346459076903,48.293,74738030.32020564,3448164.918502465,
11441,LightBound,"Indianapolis, IN",2020-07-10T17:30:02.482677Z,77.17346459076903,47.752,78748529.1903549,3502213.272138055,
10152,CenturyLink,"Indianapolis, IN",2020-07-10T17:45:02.627192Z,77.17346459076903,47.782,77281108.47340764,3442466.503487266,
8738,Xiber LLC,"Indianapolis, IN",2020-07-10T19:45:03.598943Z,78.03598524133477,32.785,90841461.58331574,2471551.556533627,
10152,CenturyLink,"Indianapolis, IN",2020-07-10T20:00:02.476612Z,78.03598524133477,29.803,86320084.43657842,2476127.438916075,
10152,CenturyLink,"Indianapolis, IN",2020-07-10T20:15:02.721551Z,78.03598524133477,30.178,78508053.97776063,2455190.7606758894,
10152,CenturyLink,"Indianapolis, IN",2020-07-10T20:30:02.884552Z,78.03598524133477,30.275,89095721.83960451,2453772.8227317645,
10152,CenturyLink,"Indianapolis, IN",2020-07-10T20:45:02.469236Z,78.03598524133477,30.095,88199110.6363682,2476789.553226964,
10152,CenturyLink,"Indianapolis, IN",2020-07-10T21:00:02.849607Z,78.03598524133477,30.605,81563890.2906616,2462025.177261512,
10152,CenturyLink,"Indianapolis, IN",2020-07-10T21:15:02.776558Z,78.03598524133477,30.111,87886189.98932573,2469138.0989352674,
10152,CenturyLink,"Indianapolis, IN",2020-07-10T21:30:02.798135Z,78.03598524133477,30.418,88999603.63303234,2479122.534091912,
10152,CenturyLink,"Indianapolis, IN",2020-07-10T21:45:02.085240Z,78.03598524133477,30.237,89829684.26823048,2465885.3858291856,
10152,CenturyLink,"Indianapolis, IN",2020-07-10T22:00:02.255563Z,78.03598524133477,29.805,90251562.85357913,2478851.363889952,
10152,CenturyLink,"Indianapolis, IN",2020-07-10T22:15:02.160962Z,78.03598524133477,30.63,87649917.81534976,2474642.2325350586,
10152,CenturyLink,"Indianapolis, IN",2020-07-10T22:30:02.176611Z,78.03598524133477,29.756,81070335.4068394,2472066.520143033,
10152,CenturyLink,"Indianapolis, IN",2020-07-10T22:45:02.078252Z,78.03598524133477,29.824,87406600.92133631,2467783.5843695123,
10152,CenturyLink,"Indianapolis, IN",2020-07-10T23:00:02.564390Z,78.03598524133477,30.163,90067460.84696579,2462935.7710155617,
10152,CenturyLink,"Indianapolis, IN",2020-07-10T23:15:02.608968Z,78.03598524133477,29.989,90803557.63453053,2465381.6790162735,
10152,CenturyLink,"Indianapolis, IN",2020-07-10T23:30:02.579925Z,78.03598524133477,30.211,90702350.48938785,2461434.922387773,
10152,CenturyLink,"Indianapolis, IN",2020-07-10T23:45:02.674991Z,78.03598524133477,30.336,90576238.4208643,2461186.7957232944,
10152,CenturyLink,"Indianapolis, IN",2020-07-11T00:00:02.601249Z,78.03598524133477,30.285,90988146.74566165,2459731.9327783086,
10152,CenturyLink,"Indianapolis, IN",2020-07-11T00:15:02.959230Z,78.03598524133477,30.688,87683990.6519,2461517.009131777,
10152,CenturyLink,"Indianapolis, IN",2020-07-11T00:30:02.222801Z,78.03598524133477,30.479,87253059.22800185,2484449.9534573937,
8738,Xiber LLC,"Indianapolis, IN",2020-07-11T00:45:02.354929Z,78.03598524133477,33.08,4188397.138661243,2461230.701245634,
10152,CenturyLink,"Indianapolis, IN",2020-07-11T01:00:01.970905Z,78.03598524133477,32.865,3334246.7218957655,2472538.1090331883,
10152,CenturyLink,"Indianapolis, IN",2020-07-11T01:15:02.670311Z,78.03598524133477,29.889,10525538.009557812,2474745.296567548,
10152,CenturyLink,"Indianapolis, IN",2020-07-11T01:30:02.015108Z,78.03598524133477,30.118,16210186.25951933,2470544.7125434405,
10152,CenturyLink,"Indianapolis, IN",2020-07-11T01:45:02.319461Z,78.03598524133477,30.298,26684532.755776312,2473098.586080047,
8738,Xiber LLC,"Indianapolis, IN",2020-07-11T02:00:02.980577Z,78.03598524133477,33.167,81175312.1682545,2459774.8154279287,
10152,CenturyLink,"Indianapolis, IN",2020-07-11T02:15:01.976785Z,78.03598524133477,30.261,77913842.61247166,2465889.802427186,
10152,CenturyLink,"Indianapolis, IN",2020-07-11T02:30:02.078776Z,78.03598524133477,29.642,53865193.09731552,2476879.4640814536,
10152,CenturyLink,"Indianapolis, IN",2020-07-11T02:45:02.874159Z,78.03598524133477,30.087,63356026.82773198,2466515.000094431,
10152,CenturyLink,"Indianapolis, IN",2020-07-11T03:00:02.846131Z,78.03598524133477,30.392,57538316.94068561,2458765.129461423,
10152,CenturyLink,"Indianapolis, IN",2020-07-11T03:15:02.813063Z,78.03598524133477,30.27,46798912.01618072,2445665.0599288256,
10152,CenturyLink,"Indianapolis, IN",2020-07-11T03:30:02.996753Z,78.03598524133477,30.364,53265856.56199611,2469527.8520338982,
10152,CenturyLink,"Indianapolis, IN",2020-07-11T03:45:02.011395Z,78.03598524133477,30.032,58155269.10754185,2496703.4098148895,
10152,CenturyLink,"Indianapolis, IN",2020-07-11T04:00:02.632703Z,78.03598524133477,30.311,69440265.13745987,2466276.742842263,
10152,CenturyLink,"Indianapolis, IN",2020-07-11T04:15:02.718244Z,78.03598524133477,30.17,64027811.17504858,2459858.4901984534,
10152,CenturyLink,"Indianapolis, IN",2020-07-11T04:30:02.785191Z,78.03598524133477,30.377,84476397.22448753,2470244.0436221273,
10152,CenturyLink,"Indianapolis, IN",2020-07-11T04:45:02.662781Z,78.03598524133477,29.941,87241023.6024055,2456350.0308751166,
10152,CenturyLink,"Indianapolis, IN",2020-07-11T05:00:02.981720Z,78.03598524133477,30.087,85085149.42859516,2472420.0060615605,
10152,CenturyLink,"Indianapolis, IN",2020-07-11T05:15:02.059614Z,78.03598524133477,29.927,90333491.36051387,2471244.5006503942,
10152,CenturyLink,"Indianapolis, IN",2020-07-11T05:30:02.417644Z,78.03598524133477,30.349,89690679.90581922,2455073.404744656,
10152,CenturyLink,"Indianapolis, IN",2020-07-11T05:45:02.305205Z,78.03598524133477,30.158,91384526.31364363,2463552.6406732104,
10152,CenturyLink,"Indianapolis, IN",2020-07-11T06:00:02.413085Z,78.03598524133477,29.892,87999390.3472484,2493853.4031258654,
10152,CenturyLink,"Indianapolis, IN",2020-07-11T06:15:02.162937Z,78.03598524133477,29.613,86657440.40576026,2472686.2063144124,
10152,CenturyLink,"Indianapolis, IN",2020-07-11T06:30:02.538705Z,78.03598524133477,29.654,86024563.88674437,2472225.7143661873,
10152,CenturyLink,"Indianapolis, IN",2020-07-11T06:45:02.720405Z,78.03598524133477,30.359,85625977.00864178,2472955.745381536,
10152,CenturyLink,"Indianapolis, IN",2020-07-11T07:00:02.449632Z,78.03598524133477,30.102,89656113.68565838,2458678.115851712,
10152,CenturyLink,"Indianapolis, IN",2020-07-11T07:15:02.458092Z,78.03598524133477,29.497,82461623.60822423,2473803.3551565404,
10152,CenturyLink,"Indianapolis, IN",2020-07-11T07:30:02.343440Z,78.03598524133477,30.357,86804533.83730204,2479647.9070527395,
10152,CenturyLink,"Indianapolis, IN",2020-07-11T07:45:02.301521Z,78.03598524133477,30.028,80053963.65254217,2466347.60038686,
10152,CenturyLink,"Indianapolis, IN",2020-07-11T08:00:02.725779Z,78.03598524133477,30.159,76185368.14051022,2458416.8275256837,
11546,NineStar Connect,"Greenfield, IN",2020-07-11T08:15:02.817530Z,54.354945077295085,33.324,77602075.99144454,2467949.8220327147,
10152,CenturyLink,"Indianapolis, IN",2020-07-11T08:30:02.066097Z,78.03598524133477,29.44,62924187.10726061,2461772.427122393,
10152,CenturyLink,"Indianapolis, IN",2020-07-11T08:45:02.208411Z,78.03598524133477,30.108,73009018.23424709,2468748.1622398375,
10152,CenturyLink,"Indianapolis, IN",2020-07-11T09:00:02.346308Z,78.03598524133477,29.976,78215873.84646156,2469427.627283957,
10152,CenturyLink,"Indianapolis, IN",2020-07-11T09:15:02.198609Z,78.03598524133477,30.326,62849581.914360754,2459524.1676597255,
10152,CenturyLink,"Indianapolis, IN",2020-07-11T09:30:02.344618Z,78.03598524133477,29.681,49128708.741988584,2473618.9792983355,
10152,CenturyLink,"Indianapolis, IN",2020-07-11T09:45:02.378118Z,78.03598524133477,29.784,46834623.64103081,2470707.9348260146,
10152,CenturyLink,"Indianapolis, IN",2020-07-11T10:00:02.310360Z,78.03598524133477,30.035,48761296.080299534,2449329.8702238733,
10152,CenturyLink,"Indianapolis, IN",2020-07-11T10:15:02.470165Z,78.03598524133477,29.914,39598487.137136534,2487575.191907756,
10152,CenturyLink,"Indianapolis, IN",2020-07-11T10:30:02.903844Z,78.03598524133477,30.104,40544933.461319566,2453626.267485619,
10152,CenturyLink,"Indianapolis, IN",2020-07-11T10:45:02.021426Z,78.03598524133477,30.295,44589804.51247358,2447961.4313711803,
10152,CenturyLink,"Indianapolis, IN",2020-07-11T11:00:02.276597Z,78.03598524133477,29.469,54562455.96104798,2455243.0116888015,
10152,CenturyLink,"Indianapolis, IN",2020-07-11T11:15:02.606998Z,78.03598524133477,29.726,63847958.95680627,2469115.7814296666,
10152,CenturyLink,"Indianapolis, IN",2020-07-11T11:30:02.809724Z,78.03598524133477,29.939,76294724.28405994,2462828.0208521755,
10152,CenturyLink,"Indianapolis, IN",2020-07-11T11:45:02.725163Z,78.03598524133477,29.928,82284155.29912046,2462465.868820069,
10152,CenturyLink,"Indianapolis, IN",2020-07-11T12:00:02.686354Z,78.03598524133477,30.887,90298098.84816836,2475952.8750514435,
10152,CenturyLink,"Indianapolis, IN",2020-07-11T12:15:02.915198Z,78.03598524133477,30.084,89747414.69198851,2461261.394130357,
10152,CenturyLink,"Indianapolis, IN",2020-07-11T12:30:02.949963Z,78.03598524133477,30.007,84774225.68284297,2460237.9499704037,
10152,CenturyLink,"Indianapolis, IN",2020-07-11T12:45:03.001054Z,78.03598524133477,29.601,86656433.07351886,2461899.480872048,
10152,CenturyLink,"Indianapolis, IN",2020-07-11T13:00:02.916373Z,78.03598524133477,29.801,81205981.19811775,2470732.164155898,
10152,CenturyLink,"Indianapolis, IN",2020-07-11T13:15:02.870728Z,78.03598524133477,30.062,89899204.27280328,2470947.5444171303,
10152,CenturyLink,"Indianapolis, IN",2020-07-11T13:30:02.835572Z,78.03598524133477,30.823,88208372.80667146,2468475.463789904,
10152,CenturyLink,"Indianapolis, IN",2020-07-11T13:45:02.832441Z,78.03598524133477,30.13,87814321.58454739,2461799.895291451,
10152,CenturyLink,"Indianapolis, IN",2020-07-11T14:00:02.797960Z,78.03598524133477,29.795,82546758.87410049,2459969.3684573066,
10152,CenturyLink,"Indianapolis, IN",2020-07-11T14:15:02.107510Z,78.03598524133477,29.663,88586295.01751454,2460160.613153076,
10152,CenturyLink,"Indianapolis, IN",2020-07-11T14:30:03.433667Z,78.03598524133477,33.566,81417406.03313167,2460143.9217688856,
10152,CenturyLink,"Indianapolis, IN",2020-07-11T14:45:02.645328Z,78.03598524133477,29.618,75799741.84384064,2460612.7264999547,
10152,CenturyLink,"Indianapolis, IN",2020-07-11T15:00:02.597762Z,78.03598524133477,30.166,30250060.502329674,2462222.335375179,
10152,CenturyLink,"Indianapolis, IN",2020-07-11T15:15:02.730921Z,78.03598524133477,29.624,10125656.212035133,2457471.9095561393,
10152,CenturyLink,"Indianapolis, IN",2020-07-11T15:30:02.256271Z,78.03598524133477,30.184,8163995.632442666,2448560.5102859954,
10152,CenturyLink,"Indianapolis, IN",2020-07-11T15:45:06.261170Z,78.03598524133477,30.343,7278615.952608414,2463290.019190631,
10152,CenturyLink,"Indianapolis, IN",2020-07-11T16:00:02.115084Z,78.03598524133477,29.593,88548306.26283275,2459950.6794291334,
10152,CenturyLink,"Indianapolis, IN",2020-07-11T16:15:02.002641Z,78.03598524133477,30.241,88147057.69833314,2462364.0159775536,
10152,CenturyLink,"Indianapolis, IN",2020-07-11T16:30:02.320681Z,78.03598524133477,29.939,88966915.98344086,2481450.589563262,
10152,CenturyLink,"Indianapolis, IN",2020-07-11T16:45:02.500612Z,78.03598524133477,29.836,86252918.28480673,2475244.805560079,
10152,CenturyLink,"Indianapolis, IN",2020-07-11T17:00:02.640011Z,78.03598524133477,29.61,90587292.57128176,2458651.3146934155,
10152,CenturyLink,"Indianapolis, IN",2020-07-11T17:15:02.546349Z,78.03598524133477,30.105,85365499.12253411,2469044.1223209733,
10152,CenturyLink,"Indianapolis, IN",2020-07-11T17:30:02.624026Z,78.03598524133477,30.022,87623895.43566994,2458366.007738241,
10152,CenturyLink,"Indianapolis, IN",2020-07-11T17:45:02.004237Z,78.03598524133477,30.621,91361024.11490357,2471839.552760995,
10152,CenturyLink,"Indianapolis, IN",2020-07-11T18:00:01.991404Z,78.03598524133477,29.976,91279167.77096784,2462297.025916246,
10152,CenturyLink,"Indianapolis, IN",2020-07-11T18:15:02.833399Z,78.03598524133477,29.8,91032334.54340023,2466845.389621246,
10152,CenturyLink,"Indianapolis, IN",2020-07-11T18:30:02.029299Z,78.03598524133477,30.22,90266819.55355065,2463456.7110916283,
10152,CenturyLink,"Indianapolis, IN",2020-07-11T18:45:02.053198Z,78.03598524133477,30.105,89082789.74171698,2480120.6059725797,
8738,Xiber LLC,"Indianapolis, IN",2020-09-28T17:15:04.184151Z,77.17346459076903,40.61,115600832.80811621,2455940.771978689,
8738,Xiber LLC,"Indianapolis, IN",2020-09-28T17:30:02.990009Z,77.17346459076903,40.848,114769120.13646354,2474034.0593287614,
8738,Xiber LLC,"Indianapolis, IN",2020-09-28T17:45:03.452582Z,77.17346459076903,39.597,117049288.58420578,2460316.549099309,
8738,Xiber LLC,"Indianapolis, IN",2020-09-28T18:00:02.807547Z,77.17346459076903,39.067,115487429.36774305,2459739.325177301,
8738,Xiber LLC,"Indianapolis, IN",2020-09-28T18:15:03.457303Z,77.17346459076903,40.276,116129153.83492035,2471259.7039238946,
11441,LightBound,"Indianapolis, IN",2020-09-28T18:30:03.126005Z,77.17346459076903,39.871,98404688.9658943,2471504.923617201,
8738,Xiber LLC,"Indianapolis, IN",2020-09-28T18:45:03.594565Z,77.17346459076903,39.642,116796130.58729261,2474303.831036915,
8738,Xiber LLC,"Indianapolis, IN",2020-09-28T19:00:03.198968Z,77.17346459076903,40.362,117286258.75549369,2468659.757139167,
11441,LightBound,"Indianapolis, IN",2020-09-28T19:15:03.554641Z,77.17346459076903,41.169,112945557.20659493,2459453.876430871,
12226,Purdue University,"West Lafayette, IN",2020-09-28T19:30:03.387958Z,127.7839424178185,39.728,116189449.73000112,2470596.3750173505,
8738,Xiber LLC,"Indianapolis, IN",2020-09-28T19:45:02.962604Z,77.17346459076903,39.998,116956069.29068173,2464680.3976148325,
12226,Purdue University,"West Lafayette, IN",2020-09-28T20:00:03.582126Z,127.7839424178185,40.469,116599650.2043265,2460865.188738158,
12226,Purdue University,"West Lafayette, IN",2020-09-28T20:15:03.098246Z,127.7839424178185,40.87,116868731.35484274,2458391.5631909757,
8738,Xiber LLC,"Indianapolis, IN",2020-09-28T20:30:02.955210Z,77.17346459076903,40.585,116635920.77608822,2464843.4922329695,
12226,Purdue University,"West Lafayette, IN",2020-09-28T20:45:03.805308Z,127.7839424178185,41.463,116607369.43430519,2459551.630824556,
11441,LightBound,"Indianapolis, IN",2020-09-28T21:00:03.450701Z,77.17346459076903,40.509,114833787.97256644,2462197.7901891763,
14162,University of Notre Dame,"Notre Dame, IN",2020-09-28T21:15:03.636623Z,178.96241419624894,31.73,116821662.80172424,2488194.625389098,
8738,Xiber LLC,"Indianapolis, IN",2020-09-28T21:30:03.110013Z,77.17346459076903,39.517,116233458.81236476,2462562.4369272366,
14162,University of Notre Dame,"Notre Dame, IN",2020-09-28T21:45:03.507297Z,178.96241419624894,31.908,117847590.1835266,2461413.4440522594,
8738,Xiber LLC,"Indianapolis, IN",2020-09-28T22:00:03.022589Z,77.17346459076903,39.826,117212188.3297739,2481651.5833760262,
11441,LightBound,"Indianapolis, IN",2020-09-28T22:15:03.337880Z,77.17346459076903,40.651,18322927.527311347,2456115.3074630275,
8738,Xiber LLC,"Indianapolis, IN",2020-09-28T22:30:03.741917Z,77.17346459076903,40.97,115465860.12281907,2457236.4381908574,
8738,Xiber LLC,"Indianapolis, IN",2020-09-28T22:45:03.138534Z,77.17346459076903,39.676,117062891.49954201,2462594.5493246596,
8738,Xiber LLC,"Indianapolis, IN",2020-09-28T23:00:03.620129Z,77.17346459076903,40.182,116144877.09944953,2458074.3217832977,
8738,Xiber LLC,"Indianapolis, IN",2020-09-28T23:15:03.394488Z,77.17346459076903,40.976,116834743.34614955,2453985.069582205,
8738,Xiber LLC,"Indianapolis, IN",2020-09-28T23:30:03.146545Z,77.17346459076903,39.825,116320172.37508887,2464295.6840411015,
8738,Xiber LLC,"Indianapolis, IN",2020-09-28T23:45:03.767242Z,77.17346459076903,40.167,7269083.718022623,2470242.358609761,
8738,Xiber LLC,"Indianapolis, IN",2020-09-29T00:00:03.404562Z,77.17346459076903,39.912,116199902.68351704,2467245.8005806333,
11441,LightBound,"Indianapolis, IN",2020-09-29T00:15:03.083130Z,77.17346459076903,39.914,109792232.14415543,2467853.4750696123,
14162,University of Notre Dame,"Notre Dame, IN",2020-09-29T00:30:03.074683Z,178.96241419624894,32.87,117682678.54520002,2461038.1486432115,
8738,Xiber LLC,"Indianapolis, IN",2020-09-29T00:45:03.376515Z,77.17346459076903,48.828,116938871.85935113,2468441.5838476503,
8738,Xiber LLC,"Indianapolis, IN",2020-09-29T01:00:03.726553Z,77.17346459076903,39.728,115848970.26660794,2472608.198609453,
8738,Xiber LLC,"Indianapolis, IN",2020-09-29T01:15:03.354269Z,77.17346459076903,39.399,116922081.43654476,2453726.485069169,
8738,Xiber LLC,"Indianapolis, IN",2020-09-29T01:30:03.160305Z,77.17346459076903,40.097,117416889.83933184,2462954.049413944,
11546,NineStar Connect,"Greenfield, IN",2020-09-29T01:45:03.731624Z,55.67161928072508,40.64,117120428.49859945,2438909.5585972858,
11441,LightBound,"Indianapolis, IN",2020-09-29T02:00:03.583932Z,77.17346459076903,40.466,101017098.55769347,2459050.0319703184,
8738,Xiber LLC,"Indianapolis, IN",2020-09-29T02:15:03.316704Z,77.17346459076903,40.044,117033105.70822264,2462946.6068738843,
8738,Xiber LLC,"Indianapolis, IN",2020-09-29T02:30:03.116463Z,77.17346459076903,39.437,116789531.0631971,2458474.4478618847,
8738,Xiber LLC,"Indianapolis, IN",2020-09-29T02:45:03.651982Z,77.17346459076903,39.558,116446070.13649757,2467514.832869226,
8738,Xiber LLC,"Indianapolis, IN",2020-09-29T03:00:03.208199Z,77.17346459076903,39.822,116939586.71509412,2461842.016759277,
8738,Xiber LLC,"Indianapolis, IN",2020-09-29T03:15:02.886882Z,77.17346459076903,40.374,116744151.28627406,2461331.765317376,
11441,LightBound,"Indianapolis, IN",2020-09-29T03:30:03.954443Z,77.17346459076903,40.603,92168255.96781477,2453067.0419498277,
11441,LightBound,"Indianapolis, IN",2020-09-29T03:45:03.765115Z,77.17346459076903,40.035,110721225.29850143,2457311.220000896,
11441,LightBound,"Indianapolis, IN",2020-09-29T04:00:03.188472Z,77.17346459076903,40.237,106391217.19352677,2459793.108969458,
8738,Xiber LLC,"Indianapolis, IN",2020-09-29T04:15:03.873477Z,77.17346459076903,39.918,116727835.05525781,2459426.799780676,
8738,Xiber LLC,"Indianapolis, IN",2020-09-29T04:30:03.435376Z,77.17346459076903,40.78,117245006.11234255,2466125.1904608253,
8738,Xiber LLC,"Indianapolis, IN",2020-09-29T04:45:02.793733Z,77.17346459076903,39.142,117153858.95319578,2461204.005727855,
8738,Xiber LLC,"Indianapolis, IN",2020-09-29T05:00:03.251747Z,77.17346459076903,39.226,116999760.04084413,2442780.509913289,
8738,Xiber LLC,"Indianapolis, IN",2020-09-29T05:15:03.748319Z,77.17346459076903,39.367,117111187.82168308,2467273.9426911958,
8738,Xiber LLC,"Indianapolis, IN",2020-09-29T05:30:03.063417Z,77.17346459076903,39.923,117313128.83648773,2459564.5161484326,
8738,Xiber LLC,"Indianapolis, IN",2020-09-29T05:45:03.383707Z,77.17346459076903,39.868,117127182.12491186,2453743.077568966,
8738,Xiber LLC,"Indianapolis, IN",2020-09-29T06:00:03.790567Z,77.17346459076903,39.779,117239661.33267063,2457676.7207950004,
8738,Xiber LLC,"Indianapolis, IN",2020-09-29T06:15:03.168086Z,77.17346459076903,39.848,116891931.29961553,2467063.6504283757,
8738,Xiber LLC,"Indianapolis, IN",2020-09-29T06:30:03.548983Z,77.17346459076903,39.83,117190718.76951282,2467111.1431777114,
8738,Xiber LLC,"Indianapolis, IN",2020-09-29T06:45:02.820818Z,77.17346459076903,39.64,116995967.69886565,2458113.8841181593,
8738,Xiber LLC,"Indianapolis, IN",2020-09-29T07:00:03.555792Z,77.17346459076903,39.133,116513255.58729331,2457747.065439828,
8738,Xiber LLC,"Indianapolis, IN",2020-09-29T07:15:03.130700Z,77.17346459076903,39.84,117007351.46330512,2459814.980419601,
11441,LightBound,"Indianapolis, IN",2020-09-29T07:30:03.670168Z,77.17346459076903,39.527,105342104.51934302,2456199.7822927497,
11546,NineStar Connect,"Greenfield, IN",2020-09-29T07:45:03.037220Z,55.67161928072508,39.849,116768247.44499505,2480702.8143808427,
11546,NineStar Connect,"Greenfield, IN",2020-09-29T08:00:03.275352Z,55.67161928072508,40.49,116695048.15266393,2468161.0530397464,
8738,Xiber LLC,"Indianapolis, IN",2020-09-29T08:15:03.638790Z,77.17346459076903,39.761,117190585.39778984,2459626.1356201437,
8738,Xiber LLC,"Indianapolis, IN",2020-09-29T08:30:03.238659Z,77.17346459076903,38.796,116996000.2007241,2454122.333843696,
11546,NineStar Connect,"Greenfield, IN",2020-09-29T08:45:02.936150Z,55.67161928072508,40.004,116891690.9376468,2462078.027130653,
8738,Xiber LLC,"Indianapolis, IN",2020-09-29T09:00:03.653182Z,77.17346459076903,39.831,117268381.0686291,2461358.1458377917,
8738,Xiber LLC,"Indianapolis, IN",2020-09-29T09:15:03.270661Z,77.17346459076903,39.761,116499547.7272048,2451581.554790698,
8738,Xiber LLC,"Indianapolis, IN",2020-09-29T09:30:02.822376Z,77.17346459076903,39.0,116864738.03685425,2461062.815843311,
8738,Xiber LLC,"Indianapolis, IN",2020-09-29T09:45:03.262342Z,77.17346459076903,39.818,116641412.51821722,2468359.8347319984,
12226,Purdue University,"West Lafayette, IN",2020-09-29T10:00:03.717272Z,127.7839424178185,40.403,115882012.69585313,2461749.1662875186,
8738,Xiber LLC,"Indianapolis, IN",2020-09-29T10:15:03.601156Z,77.17346459076903,39.181,115789025.33808246,2461540.7096574293,
12226,Purdue University,"West Lafayette, IN",2020-09-29T10:30:03.443588Z,127.7839424178185,41.294,116694048.95785126,2469245.3175113387,
12226,Purdue University,"West Lafayette, IN",2020-09-29T10:45:03.105677Z,127.7839424178185,39.56,116761271.76364417,2458474.5530562513,
11441,LightBound,"Indianapolis, IN",2020-09-29T11:00:03.637579Z,77.17346459076903,39.193,116622170.4724103,2468278.2333801812,
8738,Xiber LLC,"Indianapolis, IN",2020-09-29T11:15:02.907034Z,77.17346459076903,39.38,116786941.48483764,2471287.682715613,
8738,Xiber LLC,"Indianapolis, IN",2020-09-29T11:30:03.631759Z,77.17346459076903,39.205,116869286.76599413,2469610.0254872967,
8738,Xiber LLC,"Indianapolis, IN",2020-09-29T11:45:02.991914Z,77.17346459076903,39.963,116997793.3483283,2468738.2020470086,
8738,Xiber LLC,"Indianapolis, IN",2020-09-29T12:00:03.541624Z,77.17346459076903,39.471,117004382.16049194,2469493.024725242,
8738,Xiber LLC,"Indianapolis, IN",2020-09-29T12:15:02.811119Z,77.17346459076903,39.989,116441033.26949747,2452517.062874715,
11546,NineStar Connect,"Greenfield, IN",2020-09-29T12:30:03.729200Z,55.67161928072508,40.562,11755665.596122617,2460441.602979708,
11546,NineStar Connect,"Greenfield, IN",2020-09-29T12:45:03.676683Z,55.67161928072508,39.975,115768634.23682788,2464209.948251283,
8738,Xiber LLC,"Indianapolis, IN",2020-09-29T13:00:03.212675Z,77.17346459076903,39.915,116861641.69732742,2471330.6331634577,
14162,University of Notre Dame,"Notre Dame, IN",2020-09-29T13:15:03.659556Z,178.96241419624894,32.441,117568226.26584744,2460713.449508503,
11441,LightBound,"Indianapolis, IN",2020-09-29T13:30:03.321582Z,77.17346459076903,39.257,106526285.41563152,2465469.260951043,
14162,University of Notre Dame,"Notre Dame, IN",2020-09-29T13:45:03.135215Z,178.96241419624894,31.174,117912284.23121001,2462033.8845659774,
14162,University of Notre Dame,"Notre Dame, IN",2020-09-29T14:00:03.748762Z,178.96241419624894,30.468,116799409.67001092,2464055.3002179097,
8738,Xiber LLC,"Indianapolis, IN",2020-09-29T14:15:03.322302Z,77.17346459076903,39.079,116896466.10556637,2459433.32447957,
11441,LightBound,"Indianapolis, IN",2020-09-29T14:30:03.175243Z,77.17346459076903,39.941,105467291.56875005,2467615.4346261583,
11546,NineStar Connect,"Greenfield, IN",2020-09-29T14:45:03.671943Z,55.67161928072508,40.218,116672625.76633322,2476668.9037869005,
8738,Xiber LLC,"Indianapolis, IN",2020-09-29T15:00:03.158063Z,77.17346459076903,39.551,116302312.28150737,2466431.1145081073,
8738,Xiber LLC,"Indianapolis, IN",2020-09-29T15:15:03.614929Z,77.17346459076903,39.71,117050168.87987633,2458106.1440757946,
8738,Xiber LLC,"Indianapolis, IN",2020-09-29T15:30:03.639329Z,77.17346459076903,39.409,117171201.31069346,2461966.1440937803,
8738,Xiber LLC,"Indianapolis, IN",2020-09-29T15:45:03.155251Z,77.17346459076903,39.91,115804346.99078728,2467845.0706864162,
11441,LightBound,"Indianapolis, IN",2020-09-29T16:00:03.699947Z,77.17346459076903,40.014,105076822.20621519,2465461.967397927,
8738,Xiber LLC,"Indianapolis, IN",2020-09-29T16:15:03.188255Z,77.17346459076903,39.315,117632458.61361898,2464295.5495349523,
8738,Xiber LLC,"Indianapolis, IN",2020-09-29T16:30:03.630778Z,77.17346459076903,39.836,116575674.51819989,2465377.3109010197,
11441,LightBound,"Indianapolis, IN",2020-09-29T16:45:03.561651Z,77.17346459076903,39.401,113992497.25012502,2467979.0837227087,
8738,Xiber LLC,"Indianapolis, IN",2020-09-29T17:00:03.005043Z,77.17346459076903,39.873,117215752.36521064,2461806.6208616327,
8738,Xiber LLC,"Indianapolis, IN",2020-09-29T17:15:03.473362Z,77.17346459076903,39.855,116860395.91177931,2470622.1489991397,
8738,Xiber LLC,"Indianapolis, IN",2020-09-29T17:30:03.072638Z,77.17346459076903,39.885,117034987.31006517,2480880.9818956354,
11441,LightBound,"Indianapolis, IN",2020-09-29T17:45:03.406552Z,77.17346459076903,39.805,112610016.21905804,2459460.18884106,
12226,Purdue University,"West Lafayette, IN",2020-09-29T18:00:02.859644Z,127.7839424178185,42.612,116595212.78019989,2459011.667784456,
11441,LightBound,"Indianapolis, IN",2020-09-29T18:15:03.638121Z,77.17346459076903,40.184,101413905.32395166,2458219.4415790327,
8738,Xiber LLC,"Indianapolis, IN",2020-09-29T18:30:03.033783Z,77.17346459076903,39.032,117242803.9123553,2458459.5925679803,
8738,Xiber LLC,"Indianapolis, IN",2020-09-29T18:45:03.358501Z,77.17346459076903,40.023,115741298.11276987,2463276.6768619483,
11441,LightBound,"Indianapolis, IN",2020-09-29T19:00:02.784958Z,77.17346459076903,39.905,66357765.24724217,2459486.717897539,
8738,Xiber LLC,"Indianapolis, IN",2020-09-29T19:15:02.986400Z,77.17346459076903,39.317,116991486.95284498,2468020.7162060468,
11441,LightBound,"Indianapolis, IN",2020-09-29T19:30:03.634366Z,77.17346459076903,41.073,107349451.54382652,2458430.9883274124,
8738,Xiber LLC,"Indianapolis, IN",2020-09-29T19:45:03.201661Z,77.17346459076903,39.291,113772636.51045254,2468903.6192179257,
8738,Xiber LLC,"Indianapolis, IN",2020-09-29T20:00:03.621845Z,77.17346459076903,39.197,116021951.25663927,2475868.4969685725,
8738,Xiber LLC,"Indianapolis, IN",2020-09-29T20:15:03.085935Z,77.17346459076903,40.014,116526692.05072421,2467388.4397609606,
11441,LightBound,"Indianapolis, IN",2020-09-29T20:30:03.589926Z,77.17346459076903,40.197,102548355.7932971,2459851.5787797403,
14230,Frontier,"Fort Wayne, IN",2020-09-29T20:45:03.074405Z,99.48550237062841,40.892,116573953.64761731,2460466.035657425,
12226,Purdue University,"West Lafayette, IN",2020-09-29T21:00:03.632498Z,127.7839424178185,41.102,116351938.18102753,2460527.467917588,
8738,Xiber LLC,"Indianapolis, IN",2020-09-29T21:15:03.232093Z,77.17346459076903,41.179,116564576.36584385,2460961.975429971,
8738,Xiber LLC,"Indianapolis, IN",2020-09-29T21:30:02.858225Z,77.17346459076903,40.122,117106977.30685972,2479814.856801122,
8738,Xiber LLC,"Indianapolis, IN",2020-09-29T21:45:03.310095Z,77.17346459076903,40.41,116202108.36435108,2461235.831982603,
11441,LightBound,"Indianapolis, IN",2020-09-29T22:00:03.819375Z,77.17346459076903,40.304,103807030.85779135,2481677.957533437,
14162,University of Notre Dame,"Notre Dame, IN",2020-09-29T22:15:02.974336Z,178.96241419624894,31.245,117776979.11883624,2460277.222784655,
8738,Xiber LLC,"Indianapolis, IN",2020-09-29T22:30:03.548625Z,77.17346459076903,39.451,116396830.69909208,2462358.045423111,
8738,Xiber LLC,"Indianapolis, IN",2020-09-29T22:45:02.791738Z,77.17346459076903,38.626,116895136.53665957,2470427.887005446,
14162,University of Notre Dame,"Notre Dame, IN",2020-09-29T23:00:03.060028Z,178.96241419624894,31.174,117802422.03650643,2468272.9714168147,
8738,Xiber LLC,"Indianapolis, IN",2020-09-29T23:15:03.469287Z,77.17346459076903,40.178,117074861.59857604,2474407.375609625,
8738,Xiber LLC,"Indianapolis, IN",2020-09-29T23:30:02.904261Z,77.17346459076903,40.064,116835688.84540863,2458714.6956680794,
8738,Xiber LLC,"Indianapolis, IN",2020-09-29T23:45:03.410427Z,77.17346459076903,39.842,116171618.27989548,2454343.7409539283,
8738,Xiber LLC,"Indianapolis, IN",2020-09-30T00:00:02.818744Z,77.17346459076903,39.364,117376584.12570757,2467039.722122559,
8738,Xiber LLC,"Indianapolis, IN",2020-09-30T00:15:03.372252Z,77.17346459076903,39.947,117333663.63856359,2452803.9619910684,
8738,Xiber LLC,"Indianapolis, IN",2020-09-30T00:30:03.087455Z,77.17346459076903,39.988,116671988.37942784,2461395.737693005,
8738,Xiber LLC,"Indianapolis, IN",2020-09-30T00:45:03.044509Z,77.17346459076903,39.342,117135765.85609171,2460442.5863225744,
8738,Xiber LLC,"Indianapolis, IN",2020-09-30T01:00:03.770390Z,77.17346459076903,39.822,116883089.63161077,2462146.97107326,
8738,Xiber LLC,"Indianapolis, IN",2020-09-30T01:15:03.562856Z,77.17346459076903,39.658,117112707.23762816,2470839.420203498,
8738,Xiber LLC,"Indianapolis, IN",2020-09-30T01:30:03.392667Z,77.17346459076903,40.322,117143373.2967135,2478816.9433338367,
8738,Xiber LLC,"Indianapolis, IN",2020-09-30T01:45:03.824243Z,77.17346459076903,39.13,117266784.3452823,2459917.805229728,
8738,Xiber LLC,"Indianapolis, IN",2020-09-30T02:00:03.394134Z,77.17346459076903,40.342,116345833.25746188,2462159.0453024814,
8738,Xiber LLC,"Indianapolis, IN",2020-09-30T02:15:03.408705Z,77.17346459076903,39.781,116358967.55353285,2459357.8224954954,
8738,Xiber LLC,"Indianapolis, IN",2020-09-30T02:30:03.283509Z,77.17346459076903,39.364,116565055.05160256,2455269.1596618104,
8738,Xiber LLC,"Indianapolis, IN",2020-09-30T02:45:03.705627Z,77.17346459076903,41.688,117283712.54487525,2457377.6130849826,
11546,NineStar Connect,"Greenfield, IN",2020-09-30T03:00:03.512801Z,55.67161928072508,40.853,116385223.48242255,2460646.862479831,
14230,Frontier,"Fort Wayne, IN",2020-09-30T03:15:02.960326Z,99.48550237062841,40.713,116930936.00779733,2471843.451136706,
8738,Xiber LLC,"Indianapolis, IN",2020-09-30T03:30:03.004936Z,77.17346459076903,39.735,116598572.15569237,2464206.133417283,
14162,University of Notre Dame,"Notre Dame, IN",2020-09-30T03:45:03.367436Z,178.96241419624894,31.039,116895156.22287937,2471051.907549046,
14230,Frontier,"Fort Wayne, IN",2020-09-30T04:00:03.984160Z,99.48550237062841,38.534,116748018.39206819,2468793.480710233,
1624,Getwireless.net,"State College, PA",2020-09-30T04:15:03.649902Z,642.9793615337937,38.979,116393194.55523989,2461753.1539811194,
1624,Getwireless.net,"State College, PA",2020-09-30T04:30:03.321136Z,642.9793615337937,40.131,113895631.8789697,2472186.0805842476,
14162,University of Notre Dame,"Notre Dame, IN",2020-09-30T04:45:02.852141Z,178.96241419624894,31.305,117679403.66712268,2462607.9814271377,
35761,Centre WISP,"State College, PA",2020-09-30T05:00:03.069482Z,642.9793615337937,59.887,101957613.06395382,2458476.4634244274,
8738,Xiber LLC,"Indianapolis, IN",2020-09-30T05:15:03.209299Z,77.17346459076903,40.423,116319186.3852412,2464938.5152434106,
8738,Xiber LLC,"Indianapolis, IN",2020-09-30T05:30:02.950931Z,77.17346459076903,39.161,117098949.95938534,2457394.467942443,
8738,Xiber LLC,"Indianapolis, IN",2020-09-30T05:45:03.326346Z,77.17346459076903,39.76,116172763.20885867,2468037.3839412197,
8738,Xiber LLC,"Indianapolis, IN",2020-09-30T06:00:02.781016Z,77.17346459076903,39.801,116649201.8038672,2457928.7950725304,
8738,Xiber LLC,"Indianapolis, IN",2020-09-30T06:15:03.284695Z,77.17346459076903,40.891,116915462.27789229,2467534.968327499,
8738,Xiber LLC,"Indianapolis, IN",2020-09-30T06:30:02.916554Z,77.17346459076903,39.456,116822409.63809143,2461433.4185219654,
8738,Xiber LLC,"Indianapolis, IN",2020-09-30T06:45:03.329121Z,77.17346459076903,39.594,116172676.82370688,2470655.835010186,
8738,Xiber LLC,"Indianapolis, IN",2020-09-30T07:00:04.112578Z,77.17346459076903,38.887,115912000.13851689,2460229.397361989,
8738,Xiber LLC,"Indianapolis, IN",2020-09-30T07:15:03.737585Z,77.17346459076903,38.935,117035338.67915702,2460156.0874711378,
8738,Xiber LLC,"Indianapolis, IN",2020-09-30T07:30:03.707593Z,77.17346459076903,39.414,116428892.0933071,2464449.057424909,
8738,Xiber LLC,"Indianapolis, IN",2020-09-30T07:45:03.215890Z,77.17346459076903,38.794,116569634.60195683,2467474.8959302716,
8738,Xiber LLC,"Indianapolis, IN",2020-09-30T08:00:03.740727Z,77.17346459076903,39.313,116999913.10017584,2463232.493183787,
14162,University of Notre Dame,"Notre Dame, IN",2020-09-30T08:15:03.198308Z,178.96241419624894,30.243,117200875.8158634,2456478.8908615373,
8738,Xiber LLC,"Indianapolis, IN",2020-09-30T08:30:02.864902Z,77.17346459076903,39.271,117074410.11896229,2459560.2528490047,
14162,University of Notre Dame,"Notre Dame, IN",2020-09-30T08:45:03.282024Z,178.96241419624894,31.86,115982217.09999767,2468206.7049391386,
8738,Xiber LLC,"Indianapolis, IN",2020-09-30T09:00:04.040254Z,77.17346459076903,40.154,116816227.19992487,2461786.3438391034,
12226,Purdue University,"West Lafayette, IN",2020-09-30T09:15:03.095444Z,127.7839424178185,40.738,116293486.55399384,2473624.3170345374,
8738,Xiber LLC,"Indianapolis, IN",2020-09-30T09:30:03.710242Z,77.17346459076903,38.99,117124405.8104616,2458860.6704997234,
8738,Xiber LLC,"Indianapolis, IN",2020-09-30T09:45:03.201293Z,77.17346459076903,39.78,117113285.74663621,2457675.261986464,
14230,Frontier,"Fort Wayne, IN",2020-09-30T10:00:03.748123Z,99.48550237062841,39.148,117052078.97385286,2461972.0250259014,
8738,Xiber LLC,"Indianapolis, IN",2020-09-30T10:15:03.312693Z,77.17346459076903,39.852,116406596.84490752,2453298.938206387,
14162,University of Notre Dame,"Notre Dame, IN",2020-09-30T10:30:03.876435Z,178.96241419624894,29.969,117355260.70905973,2462003.106510405,
8738,Xiber LLC,"Indianapolis, IN",2020-09-30T10:45:03.771194Z,77.17346459076903,39.642,117266704.03967497,2466071.653133112,
8738,Xiber LLC,"Indianapolis, IN",2020-09-30T11:00:02.973681Z,77.17346459076903,39.057,116273200.70497571,2466836.3370474004,
11441,LightBound,"Indianapolis, IN",2020-09-30T11:15:03.452344Z,77.17346459076903,39.553,105223203.10843214,2457686.2065583365,
8738,Xiber LLC,"Indianapolis, IN",2020-09-30T11:30:03.174825Z,77.17346459076903,39.234,117271767.39654994,2452752.993032733,
8738,Xiber LLC,"Indianapolis, IN",2020-09-30T11:45:03.728290Z,77.17346459076903,39.535,115950212.58061054,2455092.6079288307,
8738,Xiber LLC,"Indianapolis, IN",2020-09-30T12:00:03.426083Z,77.17346459076903,38.906,117002415.21736237,2461112.1827730476,
8738,Xiber LLC,"Indianapolis, IN",2020-09-30T12:15:03.051056Z,77.17346459076903,39.899,117024038.49087559,2466928.5908251978,
8738,Xiber LLC,"Indianapolis, IN",2020-09-30T12:30:02.908764Z,77.17346459076903,40.344,117053545.69852023,2466926.327049359,
8738,Xiber LLC,"Indianapolis, IN",2020-09-30T12:45:03.007288Z,77.17346459076903,39.25,117038398.50493498,2458679.5158939706,
8738,Xiber LLC,"Indianapolis, IN",2020-09-30T13:00:02.875962Z,77.17346459076903,39.83,117206996.29272334,2458731.2497625905,
8738,Xiber LLC,"Indianapolis, IN",2020-09-30T13:15:03.539801Z,77.17346459076903,40.061,117088035.9193399,2468704.9272062443,
8738,Xiber LLC,"Indianapolis, IN",2020-09-30T13:30:03.452345Z,77.17346459076903,39.979,116737158.56862552,2462563.002096918,
8738,Xiber LLC,"Indianapolis, IN",2020-09-30T13:45:03.019881Z,77.17346459076903,38.971,117211891.2789192,2462893.0385448635,
8738,Xiber LLC,"Indianapolis, IN",2020-09-30T14:00:03.638145Z,77.17346459076903,39.833,116833943.370044,2461280.3686839566,
8738,Xiber LLC,"Indianapolis, IN",2020-09-30T14:15:03.137764Z,77.17346459076903,39.852,117351230.17663532,2458103.3673374574,
8738,Xiber LLC,"Indianapolis, IN",2020-09-30T14:30:02.938413Z,77.17346459076903,39.096,117281172.90058897,2311776.8452442084,
8738,Xiber LLC,"Indianapolis, IN",2020-09-30T14:45:03.741095Z,77.17346459076903,40.011,116392334.78584033,2471560.4134918125,
8738,Xiber LLC,"Indianapolis, IN",2020-09-30T15:00:03.514213Z,77.17346459076903,40.395,42361139.430948466,2452890.4680719203,
14230,Frontier,"Fort Wayne, IN",2020-09-30T15:15:03.298014Z,99.48550237062841,43.3,116742431.40655464,2480413.4662416466,
14230,Frontier,"Fort Wayne, IN",2020-09-30T15:30:03.047187Z,99.48550237062841,40.914,117052584.57604028,2459456.7123244805,
12226,Purdue University,"West Lafayette, IN",2020-09-30T15:45:03.543554Z,127.7839424178185,41.264,116265594.09806462,2464110.119932561,
14230,Frontier,"Fort Wayne, IN",2020-09-30T16:00:03.480596Z,99.48550237062841,39.495,116765914.67766304,2476058.9737578705,
8738,Xiber LLC,"Indianapolis, IN",2020-09-30T16:15:03.209414Z,77.17346459076903,39.74,116379135.46471377,2462441.692051085,
14162,University of Notre Dame,"Notre Dame, IN",2020-09-30T16:30:03.427038Z,178.96241419624894,31.653,117291545.14981134,2460562.6637826213,
8738,Xiber LLC,"Indianapolis, IN",2020-09-30T16:45:03.238205Z,77.17346459076903,41.358,116527277.88730866,2465841.733184597,
11546,NineStar Connect,"Greenfield, IN",2020-09-30T17:00:03.859423Z,55.67161928072508,40.974,115987271.45847411,2460308.014710874,
14230,Frontier,"Fort Wayne, IN",2020-09-30T17:15:03.504614Z,99.48550237062841,41.66,116491597.74006824,2463432.107723176,
14230,Frontier,"Fort Wayne, IN",2020-09-30T17:30:03.963158Z,99.48550237062841,43.506,116115959.45379978,2465376.6383608794,
14230,Frontier,"Fort Wayne, IN",2020-09-30T17:45:03.931633Z,99.48550237062841,42.346,116849803.43663011,2471537.7705157455,
14230,Frontier,"Fort Wayne, IN",2020-09-30T18:00:03.789878Z,99.48550237062841,40.401,116296208.12919968,2466333.1108308607,
8738,Xiber LLC,"Indianapolis, IN",2020-09-30T18:15:03.473864Z,77.17346459076903,39.592,116847494.05783515,2471795.803109808,
8738,Xiber LLC,"Indianapolis, IN",2020-09-30T18:30:03.205969Z,77.17346459076903,39.668,116923743.21272777,2455960.9989817906,
8738,Xiber LLC,"Indianapolis, IN",2020-09-30T18:45:03.833453Z,77.17346459076903,39.283,116893925.06050952,2464699.7972916504,
14162,University of Notre Dame,"Notre Dame, IN",2020-09-30T19:00:04.194538Z,178.96241419624894,30.005,117443367.63574217,2470936.747512324,
8738,Xiber LLC,"Indianapolis, IN",2020-09-30T19:15:03.886456Z,77.17346459076903,39.882,116970424.14744762,2459944.870760429,
8738,Xiber LLC,"Indianapolis, IN",2020-09-30T19:30:03.762862Z,77.17346459076903,40.008,117308760.36105984,2459643.8250405677,
8738,Xiber LLC,"Indianapolis, IN",2020-09-30T19:45:03.338037Z,77.17346459076903,39.162,116780857.85414053,2482697.919165315,
8738,Xiber LLC,"Indianapolis, IN",2020-09-30T20:00:03.572194Z,77.17346459076903,39.447,115921954.41028023,2469028.2300485196,
14162,University of Notre Dame,"Notre Dame, IN",2020-09-30T20:15:03.145828Z,178.96241419624894,31.342,117012144.98286775,2463602.978519338,
8738,Xiber LLC,"Indianapolis, IN",2020-09-30T20:30:02.890324Z,77.17346459076903,39.625,116499342.39855827,2470284.905507944,
8738,Xiber LLC,"Indianapolis, IN",2020-09-30T20:45:03.143422Z,77.17346459076903,39.574,116735241.37884845,2473116.72501036,
8738,Xiber LLC,"Indianapolis, IN",2020-09-30T21:00:03.639666Z,77.17346459076903,39.451,116515739.28204761,2459444.0343600702,
8738,Xiber LLC,"Indianapolis, IN",2020-09-30T21:15:03.156472Z,77.17346459076903,39.629,116040889.0763751,2492351.7104614773,
11441,LightBound,"Indianapolis, IN",2020-09-30T21:30:03.589358Z,77.17346459076903,39.505,108156837.20940745,2468654.060849432,
14230,Frontier,"Fort Wayne, IN",2020-09-30T21:45:03.266082Z,99.48550237062841,40.766,117224795.49720249,2460763.972984793,
8738,Xiber LLC,"Indianapolis, IN",2020-09-30T22:00:03.264367Z,77.17346459076903,39.111,116868528.05783516,2457067.097659789,
8738,Xiber LLC,"Indianapolis, IN",2020-09-30T22:15:03.779644Z,77.17346459076903,39.476,115742608.98959203,2467687.2560452716,
8738,Xiber LLC,"Indianapolis, IN",2020-09-30T22:30:03.377941Z,77.17346459076903,40.089,116207803.4904421,2459181.7515642415,
8738,Xiber LLC,"Indianapolis, IN",2020-09-30T22:45:02.806979Z,77.17346459076903,39.392,117209259.51273394,2473677.4456165615,
11441,LightBound,"Indianapolis, IN",2020-09-30T23:00:03.157571Z,77.17346459076903,40.271,107867343.57517304,2456743.289327862,
14162,University of Notre Dame,"Notre Dame, IN",2020-09-30T23:15:03.788081Z,178.96241419624894,31.329,116876817.18286505,2463698.3378782216,
14162,University of Notre Dame,"Notre Dame, IN",2020-09-30T23:30:03.570124Z,178.96241419624894,30.791,116607981.557809,2471292.530468569,
14162,University of Notre Dame,"Notre Dame, IN",2020-09-30T23:45:02.911116Z,178.96241419624894,29.887,117671590.53455256,2473030.8294247785,
14162,University of Notre Dame,"Notre Dame, IN",2020-10-01T00:00:03.255361Z,178.96241419624894,31.713,117770264.65231594,2464313.608210096,
8738,Xiber LLC,"Indianapolis, IN",2020-10-01T00:15:03.834477Z,77.17346459076903,40.299,114166379.49436904,2460481.885155723,
14162,University of Notre Dame,"Notre Dame, IN",2020-10-01T00:30:03.840221Z,178.96241419624894,32.095,117750855.03311196,2461139.1408691905,
14162,University of Notre Dame,"Notre Dame, IN",2020-10-01T00:45:03.446131Z,178.96241419624894,30.832,116938900.91539703,2465558.4425137364,
14162,University of Notre Dame,"Notre Dame, IN",2020-10-01T01:00:02.955068Z,178.96241419624894,32.318,117166238.59748124,2461256.104558966,
11441,LightBound,"Indianapolis, IN",2020-10-01T01:15:03.460413Z,77.17346459076903,40.004,105602512.8326295,2457523.6847707345,
14162,University of Notre Dame,"Notre Dame, IN",2020-10-01T01:30:03.469056Z,178.96241419624894,30.247,117622989.33710071,2460266.2653700574,
8738,Xiber LLC,"Indianapolis, IN",2020-10-01T01:45:02.925499Z,77.17346459076903,39.233,117453533.09672163,2455733.4925174457,
8738,Xiber LLC,"Indianapolis, IN",2020-10-01T02:00:03.658876Z,77.17346459076903,40.403,117096248.62726676,2474842.100930842,
14162,University of Notre Dame,"Notre Dame, IN",2020-10-01T02:15:03.509645Z,178.96241419624894,32.101,117181291.72504257,2463803.5103321145,
11441,LightBound,"Indianapolis, IN",2020-10-01T02:30:03.035895Z,77.17346459076903,40.395,92391940.3900303,2462540.188832419,
8738,Xiber LLC,"Indianapolis, IN",2020-10-01T02:45:03.979332Z,77.17346459076903,39.368,116044912.82971865,2461826.5869780425,
11546,NineStar Connect,"Greenfield, IN",2020-10-01T03:00:03.624456Z,55.67161928072508,40.817,116739848.95294705,2460700.72422426,
8738,Xiber LLC,"Indianapolis, IN",2020-10-01T03:15:03.597945Z,77.17346459076903,39.804,116486858.51757097,2465831.0747892037,
12226,Purdue University,"West Lafayette, IN",2020-10-01T03:30:03.416733Z,127.7839424178185,39.872,116102016.70149268,2471054.0509338807,
11546,NineStar Connect,"Greenfield, IN",2020-10-01T03:45:03.113890Z,55.67161928072508,40.263,116804786.49943896,2472233.1335283425,
14230,Frontier,"Fort Wayne, IN",2020-10-01T04:00:03.795726Z,99.48550237062841,40.745,116045362.31830427,2471261.72099463,
11441,LightBound,"Indianapolis, IN",2020-10-01T04:15:03.597941Z,77.17346459076903,40.656,103367434.4797483,2461019.864158525,
14230,Frontier,"Fort Wayne, IN",2020-10-01T04:30:03.867500Z,99.48550237062841,41.653,117283569.64943928,2458075.4550683633,
11441,LightBound,"Indianapolis, IN",2020-10-01T04:45:03.788355Z,77.17346459076903,39.262,101178510.4721535,2458374.07765695,
8738,Xiber LLC,"Indianapolis, IN",2020-10-01T05:00:03.235226Z,77.17346459076903,40.276,116509539.35952327,2474544.5766092488,
14230,Frontier,"Fort Wayne, IN",2020-10-01T05:15:03.785023Z,99.48550237062841,42.905,116886977.82514945,2465053.4698976073,
14230,Frontier,"Fort Wayne, IN",2020-10-01T05:30:03.644893Z,99.48550237062841,43.072,116767473.69232543,2457774.3899882818,
14230,Frontier,"Fort Wayne, IN",2020-10-01T05:45:03.522327Z,99.48550237062841,42.224,116936989.42740022,2461100.20459022,
14230,Frontier,"Fort Wayne, IN",2020-10-01T06:00:03.882432Z,99.48550237062841,41.683,116626412.19388595,2450823.169211699,
14230,Frontier,"Fort Wayne, IN",2020-10-01T06:15:03.052839Z,99.48550237062841,40.631,116276757.98362133,2471421.6119278963,
1624,Getwireless.net,"State College, PA",2020-10-01T06:30:03.006562Z,642.9793615337937,49.197,65582697.960697055,2453908.229457589,
1624,Getwireless.net,"State College, PA",2020-10-01T06:45:03.747390Z,642.9793615337937,45.633,88467618.86299947,2436706.7207896225,
17383,Windstream,"Ashburn, VA",2020-10-01T07:00:03.589607Z,692.1840681908973,51.388,115877564.73443909,2448214.001061015,
8738,Xiber LLC,"Indianapolis, IN",2020-10-01T07:15:03.567444Z,77.17346459076903,39.742,116737051.30856685,2464786.611494324,
8738,Xiber LLC,"Indianapolis, IN",2020-10-01T07:30:03.464182Z,77.17346459076903,38.752,116903977.98982987,2459214.6626154245,
14162,University of Notre Dame,"Notre Dame, IN",2020-10-01T07:45:03.352308Z,178.96241419624894,31.502,117461187.79847609,2461120.381931227,
8738,Xiber LLC,"Indianapolis, IN",2020-10-01T08:00:03.752377Z,77.17346459076903,39.467,117094937.90282744,2464513.232785101,
12226,Purdue University,"West Lafayette, IN",2020-10-01T08:15:03.373564Z,127.7839424178185,40.212,115800116.39950459,2469942.809929648,
12226,Purdue University,"West Lafayette, IN",2020-10-01T08:30:03.411840Z,127.7839424178185,39.883,116208316.10642049,2473351.092530869,
1624,Getwireless.net,"State College, PA",2020-10-01T08:45:03.000035Z,642.9793615337937,48.844,106890177.68903905,2444792.7132848003,
17383,Windstream,"Ashburn, VA",2020-10-01T09:00:03.376390Z,692.1840681908973,55.575,111080492.20398426,2475287.7968127634,
14162,University of Notre Dame,"Notre Dame, IN",2020-10-01T09:15:03.378244Z,178.96241419624894,30.857,117255303.0958672,2463945.361673402,
14162,University of Notre Dame,"Notre Dame, IN",2020-10-01T09:30:03.069925Z,178.96241419624894,30.053,118011970.37769029,2465861.5803997344,
14162,University of Notre Dame,"Notre Dame, IN",2020-10-01T09:45:03.620254Z,178.96241419624894,31.921,118098663.00502141,2475793.278073338,
14162,University of Notre Dame,"Notre Dame, IN",2020-10-01T10:00:03.698841Z,178.96241419624894,32.119,117815528.7488563,2461993.3792936667,
8738,Xiber LLC,"Indianapolis, IN",2020-10-01T10:15:03.155871Z,77.17346459076903,39.064,116408799.3064506,2472646.043349968,
8738,Xiber LLC,"Indianapolis, IN",2020-10-01T10:30:03.454905Z,77.17346459076903,39.167,116737633.93265271,2452066.823139047,
12226,Purdue University,"West Lafayette, IN",2020-10-01T10:45:03.264344Z,127.7839424178185,41.202,116782928.45936483,2461602.200504267,
12226,Purdue University,"West Lafayette, IN",2020-10-01T11:00:03.387317Z,127.7839424178185,39.622,117275749.42283037,2468761.7814374845,
12226,Purdue University,"West Lafayette, IN",2020-10-01T11:15:02.868192Z,127.7839424178185,40.934,117113231.18665452,2450234.791000377,
12226,Purdue University,"West Lafayette, IN",2020-10-01T11:30:03.174998Z,127.7839424178185,39.526,116110090.66491263,2461306.6883095377,
11441,LightBound,"Indianapolis, IN",2020-10-01T11:45:03.746694Z,77.17346459076903,39.734,115116590.88513961,2459277.8830180783,
8738,Xiber LLC,"Indianapolis, IN",2020-10-01T12:00:03.234889Z,77.17346459076903,39.664,116576208.52315642,2465065.356211421,
11441,LightBound,"Indianapolis, IN",2020-10-01T12:15:03.724726Z,77.17346459076903,39.616,97262782.3671302,2479045.846107911,
8738,Xiber LLC,"Indianapolis, IN",2020-10-01T12:30:03.360915Z,77.17346459076903,38.887,116428915.71748497,2460931.859633023,
12226,Purdue University,"West Lafayette, IN",2020-10-01T12:45:03.315222Z,127.7839424178185,42.431,117072950.2680812,2476476.533907929,
8738,Xiber LLC,"Indianapolis, IN",2020-10-01T13:00:03.687244Z,77.17346459076903,40.673,115773736.67729829,2466764.9951505205,
12226,Purdue University,"West Lafayette, IN",2020-10-01T13:15:03.585418Z,127.7839424178185,39.891,116412980.33708835,2463841.7758232933,
14230,Frontier,"Fort Wayne, IN",2020-10-01T13:30:03.306742Z,99.48550237062841,39.767,116704360.80948524,2458027.6047223723,
8738,Xiber LLC,"Indianapolis, IN",2020-10-01T13:45:03.093390Z,77.17346459076903,39.41,117075655.38751274,2471250.654451221,
11441,LightBound,"Indianapolis, IN",2020-10-01T14:00:03.707472Z,77.17346459076903,40.129,100368077.75812007,2471153.8489654735,
8738,Xiber LLC,"Indianapolis, IN",2020-10-01T14:15:03.214744Z,77.17346459076903,39.847,116925598.2606742,2466550.441440393,
8738,Xiber LLC,"Indianapolis, IN",2020-10-01T14:30:03.897648Z,77.17346459076903,40.023,116694120.56347789,2460089.5539793507,
8738,Xiber LLC,"Indianapolis, IN",2020-10-01T14:45:03.601720Z,77.17346459076903,39.365,116780482.02592754,2465909.6148982593,
8738,Xiber LLC,"Indianapolis, IN",2020-10-01T15:00:03.014531Z,77.17346459076903,39.202,116273376.08289774,2473728.1373859057,
8738,Xiber LLC,"Indianapolis, IN",2020-10-01T15:15:03.403464Z,77.17346459076903,39.032,116916473.76593164,2472492.1889120406,
8738,Xiber LLC,"Indianapolis, IN",2020-10-01T15:30:03.012759Z,77.17346459076903,39.747,116552735.50423452,2460724.798675929,
8738,Xiber LLC,"Indianapolis, IN",2020-10-01T15:45:03.683044Z,77.17346459076903,40.127,116492608.16624008,2453708.3326055217,
11441,LightBound,"Indianapolis, IN",2020-10-01T16:00:02.815274Z,77.17346459076903,40.119,111127803.4877355,2472038.975956465,
8738,Xiber LLC,"Indianapolis, IN",2020-10-01T16:15:03.331097Z,77.17346459076903,39.484,116883376.85607553,2464251.6150948517,
8738,Xiber LLC,"Indianapolis, IN",2020-10-01T16:30:02.879895Z,77.17346459076903,39.822,117033229.1352317,2459085.141751689,
14230,Frontier,"Fort Wayne, IN",2020-10-01T16:45:03.534013Z,99.48550237062841,42.821,117004367.70726995,2458170.8059384683,
14230,Frontier,"Fort Wayne, IN",2020-10-01T17:00:03.197530Z,99.48550237062841,41.289,117082543.12068571,2466274.0128678037,
8738,Xiber LLC,"Indianapolis, IN",2020-10-01T17:15:03.753318Z,77.17346459076903,39.502,116990886.72312142,2460575.2917907466,
8738,Xiber LLC,"Indianapolis, IN",2020-10-01T17:30:03.367516Z,77.17346459076903,39.15,116692196.04070105,2463747.820586092,
9560,Metronet,"Indianapolis, IN",2020-10-01T17:45:03.711933Z,77.17346459076903,38.632,115764246.30872768,2460703.60038745,
9560,Metronet,"Indianapolis, IN",2020-10-01T18:00:03.072603Z,77.17346459076903,39.396,117428029.40912998,2461078.135690649,
8738,Xiber LLC,"Indianapolis, IN",2020-10-01T18:15:03.737062Z,77.17346459076903,41.158,116830346.56318548,2452951.3045750177,
8738,Xiber LLC,"Indianapolis, IN",2020-10-01T18:30:03.622413Z,77.17346459076903,40.543,116292282.36532505,2459047.2964935037,
11441,LightBound,"Indianapolis, IN",2020-10-01T18:45:03.252315Z,77.17346459076903,39.434,102261788.6201189,2465944.483150463,
11441,LightBound,"Indianapolis, IN",2020-10-01T19:00:03.814025Z,77.17346459076903,39.949,113722679.30703104,2471782.2812273423,
11441,LightBound,"Indianapolis, IN",2020-10-01T19:15:03.590010Z,77.17346459076903,41.92,106157865.36401847,2471694.353917063,
8738,Xiber LLC,"Indianapolis, IN",2020-10-01T19:30:03.470947Z,77.17346459076903,39.763,116965585.69098161,2456645.801205929,
10174,CenturyLink,"Warrensburg, MO",2020-10-01T19:45:03.136555Z,730.6935715412488,58.69,101639626.70340401,2463502.4417661224,
10174,CenturyLink,"Warrensburg, MO",2020-10-01T20:00:03.515178Z,730.6935715412488,58.607,101663434.94966353,2474324.9668233534,
10174,CenturyLink,"Warrensburg, MO",2020-10-01T20:15:03.028170Z,730.6935715412488,59.527,101364346.28106762,2473493.5233601555,
8738,Xiber LLC,"Indianapolis, IN",2020-10-01T20:30:03.599481Z,77.17346459076903,40.388,116600979.41036853,2461331.1452461057,
11441,LightBound,"Indianapolis, IN",2020-10-01T20:45:03.384917Z,77.17346459076903,40.43,101696809.1807441,2460609.8326456817,
8738,Xiber LLC,"Indianapolis, IN",2020-10-01T21:00:03.638518Z,77.17346459076903,39.991,116647181.58181916,2462033.974744496,
8738,Xiber LLC,"Indianapolis, IN",2020-10-01T21:15:03.490617Z,77.17346459076903,39.794,116304642.79963136,2467773.5522475075,
8738,Xiber LLC,"Indianapolis, IN",2020-10-01T21:30:03.801990Z,77.17346459076903,42.458,116569821.67540386,2464094.5424219673,
8738,Xiber LLC,"Indianapolis, IN",2020-10-01T21:45:03.360380Z,77.17346459076903,39.083,117043669.83626269,2461410.539222696,
8738,Xiber LLC,"Indianapolis, IN",2020-10-01T22:00:03.791854Z,77.17346459076903,39.655,116545562.16392118,2459446.3793201195,
8738,Xiber LLC,"Indianapolis, IN",2020-10-01T22:15:03.495586Z,77.17346459076903,39.511,116676516.78723249,2467571.6623447016,
14162,University of Notre Dame,"Notre Dame, IN",2020-10-01T22:30:03.196416Z,178.96241419624894,30.356,116873139.20284785,2473515.6556104477,
14162,University of Notre Dame,"Notre Dame, IN",2020-10-01T22:45:03.622616Z,178.96241419624894,31.091,116999204.13539934,2464079.97248937,
8738,Xiber LLC,"Indianapolis, IN",2020-10-01T23:00:03.083561Z,77.17346459076903,39.631,116916891.7150896,2462879.234843479,
8738,Xiber LLC,"Indianapolis, IN",2020-10-01T23:15:03.698744Z,77.17346459076903,39.219,116773653.85085794,2473654.7248780527,
8738,Xiber LLC,"Indianapolis, IN",2020-10-01T23:30:03.504987Z,77.17346459076903,40.599,116589408.80238064,2479877.152319092,
11441,LightBound,"Indianapolis, IN",2020-10-01T23:45:02.956093Z,77.17346459076903,40.429,105978487.13929066,2460481.607887054,
8738,Xiber LLC,"Indianapolis, IN",2020-10-02T00:00:03.394482Z,77.17346459076903,39.866,116699956.22000821,2457281.4975409065,
8738,Xiber LLC,"Indianapolis, IN",2020-10-02T00:15:03.138764Z,77.17346459076903,40.518,116533179.37446812,2463021.0798570993,
8738,Xiber LLC,"Indianapolis, IN",2020-10-02T00:30:02.798580Z,77.17346459076903,40.366,116354562.39833376,2464509.0302238576,
8738,Xiber LLC,"Indianapolis, IN",2020-10-02T00:45:03.482854Z,77.17346459076903,39.734,117156766.26095073,2461342.0630423953,
11546,NineStar Connect,"Greenfield, IN",2020-10-02T01:00:03.472117Z,55.67161928072508,40.886,114512929.24616954,2466263.960237677,
8738,Xiber LLC,"Indianapolis, IN",2020-10-02T01:15:03.096048Z,77.17346459076903,39.634,116811964.43470663,2478695.2059757514,
14162,University of Notre Dame,"Notre Dame, IN",2020-10-02T01:30:03.743622Z,178.96241419624894,32.272,114073275.8921625,2461279.2887766506,
14162,University of Notre Dame,"Notre Dame, IN",2020-10-02T01:45:03.811643Z,178.96241419624894,31.692,117604959.57635492,2460386.5539446757,
8738,Xiber LLC,"Indianapolis, IN",2020-10-02T02:00:03.034651Z,77.17346459076903,39.216,116550068.13036364,2460637.4833322437,
14162,University of Notre Dame,"Notre Dame, IN",2020-10-02T02:15:03.603402Z,178.96241419624894,31.354,117634085.45297605,2464242.2478381884,
8738,Xiber LLC,"Indianapolis, IN",2020-10-02T02:30:03.086543Z,77.17346459076903,39.437,116457946.80613244,2464982.1753214137,
8738,Xiber LLC,"Indianapolis, IN",2020-10-02T02:45:03.837353Z,77.17346459076903,40.428,116894482.57043703,2465649.518865657,
8738,Xiber LLC,"Indianapolis, IN",2020-10-02T03:00:03.358660Z,77.17346459076903,38.819,115733498.22863765,2463600.1939788773,
8738,Xiber LLC,"Indianapolis, IN",2020-10-02T03:15:02.899349Z,77.17346459076903,39.706,117403931.30752711,2461349.939753413,
8738,Xiber LLC,"Indianapolis, IN",2020-10-02T03:30:03.540037Z,77.17346459076903,39.277,116906440.75606716,2450399.157583983,
8738,Xiber LLC,"Indianapolis, IN",2020-10-02T03:45:03.245479Z,77.17346459076903,39.309,116513209.4192006,2461972.491949737,
8738,Xiber LLC,"Indianapolis, IN",2020-10-02T04:00:02.803979Z,77.17346459076903,39.423,116554706.02277972,2458887.273830753,
11441,LightBound,"Indianapolis, IN",2020-10-02T04:15:03.363203Z,77.17346459076903,39.705,101185579.07923609,2465777.4287529453,
8738,Xiber LLC,"Indianapolis, IN",2020-10-02T04:30:02.994451Z,77.17346459076903,39.78,116180312.29841922,2476804.6892262185,
8738,Xiber LLC,"Indianapolis, IN",2020-10-02T04:45:03.248880Z,77.17346459076903,40.538,115928275.68422922,2468607.0782297472,
8738,Xiber LLC,"Indianapolis, IN",2020-10-02T05:00:03.669912Z,77.17346459076903,39.105,116754655.75084655,2465005.390666719,
8738,Xiber LLC,"Indianapolis, IN",2020-10-02T05:15:02.867535Z,77.17346459076903,39.53,116467724.57878064,2460016.4414322902,
8738,Xiber LLC,"Indianapolis, IN",2020-10-02T05:30:03.347774Z,77.17346459076903,38.988,116860472.13874653,2463013.2916714265,
10174,CenturyLink,"Warrensburg, MO",2020-10-02T05:45:03.661954Z,730.6935715412488,59.111,101489105.42692788,2450815.755405492,
14162,University of Notre Dame,"Notre Dame, IN",2020-10-02T06:00:03.048284Z,178.96241419624894,30.02,116658454.65782943,2464680.822549496,
14162,University of Notre Dame,"Notre Dame, IN",2020-10-02T06:15:03.291692Z,178.96241419624894,30.468,117916132.20200188,2462880.093155063,
10174,CenturyLink,"Warrensburg, MO",2020-10-02T06:30:03.878390Z,730.6935715412488,59.749,102016831.66805789,2441687.8604786107,
10174,CenturyLink,"Warrensburg, MO",2020-10-02T06:45:03.364045Z,730.6935715412488,59.454,104018871.79669541,2437906.9748577606,
10174,CenturyLink,"Warrensburg, MO",2020-10-02T07:00:03.718656Z,730.6935715412488,57.869,102763348.83372663,2490423.2902678824,
10174,CenturyLink,"Warrensburg, MO",2020-10-02T07:15:03.644541Z,730.6935715412488,59.108,101856310.45632423,2460106.5958303553,
10174,CenturyLink,"Warrensburg, MO",2020-10-02T07:30:03.046552Z,730.6935715412488,58.968,100922417.78257309,2451995.932020604,
8738,Xiber LLC,"Indianapolis, IN",2020-10-02T07:45:03.019219Z,77.17346459076903,39.03,116892350.14799595,2460217.9732557675,
8738,Xiber LLC,"Indianapolis, IN",2020-10-02T08:00:03.561562Z,77.17346459076903,39.336,115541926.03782994,2463941.9937633052,
9560,Metronet,"Indianapolis, IN",2020-10-02T08:15:02.989870Z,77.17346459076903,38.528,116826653.37629183,2497293.518829545,
8738,Xiber LLC,"Indianapolis, IN",2020-10-02T08:30:03.238645Z,77.17346459076903,39.196,117140098.58003601,2461981.1837042677,
8738,Xiber LLC,"Indianapolis, IN",2020-10-02T08:45:03.968005Z,77.17346459076903,39.382,117165004.51192713,2461740.5619927146,
8738,Xiber LLC,"Indianapolis, IN",2020-10-02T09:00:03.361746Z,77.17346459076903,38.715,116850599.91438404,2467019.084262494,
11441,LightBound,"Indianapolis, IN",2020-10-02T09:15:03.780430Z,77.17346459076903,39.906,100771539.62214024,2460259.047164138,
8738,Xiber LLC,"Indianapolis, IN",2020-10-02T09:30:03.358659Z,77.17346459076903,39.013,117281785.18387172,2460140.10307008,
8738,Xiber LLC,"Indianapolis, IN",2020-10-02T09:45:03.736471Z,77.17346459076903,39.365,116794100.41584346,2463510.310025066,
8738,Xiber LLC,"Indianapolis, IN",2020-10-02T10:00:03.010584Z,77.17346459076903,40.259,117197064.95107017,2465592.25654698,
16770,Fourway.NET,"South Bend, IN",2020-10-02T10:15:03.687715Z,176.70349732948642,36.962,11773895.653539546,2462440.220935702,
8738,Xiber LLC,"Indianapolis, IN",2020-10-02T10:30:02.984646Z,77.17346459076903,38.807,116924167.67801309,2467346.3221998597,
8738,Xiber LLC,"Indianapolis, IN",2020-10-02T10:45:03.452807Z,77.17346459076903,39.358,117237828.30475485,2462786.9940198846,
8738,Xiber LLC,"Indianapolis, IN",2020-10-02T11:00:03.923214Z,77.17346459076903,39.103,117170943.9148157,2471313.0363268205,
8738,Xiber LLC,"Indianapolis, IN",2020-10-02T11:15:03.074638Z,77.17346459076903,39.067,117486757.44448668,2484853.928356928,
8738,Xiber LLC,"Indianapolis, IN",2020-10-02T11:30:03.393862Z,77.17346459076903,40.398,116754874.45570408,2442051.8460099446,
8738,Xiber LLC,"Indianapolis, IN",2020-10-02T11:45:03.039933Z,77.17346459076903,39.368,117402300.47933659,2452869.140460682,
8738,Xiber LLC,"Indianapolis, IN",2020-10-02T12:00:03.330199Z,77.17346459076903,39.866,116866849.22958061,2459498.306407742,
14162,University of Notre Dame,"Notre Dame, IN",2020-10-02T12:15:03.718672Z,178.96241419624894,31.265,117381641.7351014,2462003.799471419,
14162,University of Notre Dame,"Notre Dame, IN",2020-10-02T12:30:03.534541Z,178.96241419624894,30.657,117291501.3726638,2461827.483426437,
10174,CenturyLink,"Warrensburg, MO",2020-10-02T12:45:02.951909Z,730.6935715412488,58.383,102225089.74577233,2432686.490330275,
10174,CenturyLink,"Warrensburg, MO",2020-10-02T13:00:03.690304Z,730.6935715412488,59.609,103101090.03691413,2471950.449968325,
10174,CenturyLink,"Warrensburg, MO",2020-10-02T13:15:03.593804Z,730.6935715412488,58.54,102860558.09495361,2456433.3470666287,
14162,University of Notre Dame,"Notre Dame, IN",2020-10-02T13:30:03.135262Z,178.96241419624894,29.868,117357800.98552658,2465363.6514894934,
16770,Fourway.NET,"South Bend, IN",2020-10-02T13:45:03.543588Z,176.70349732948642,39.247,116227023.12204461,2469906.6280098082,
11441,LightBound,"Indianapolis, IN",2020-10-02T14:00:02.931265Z,77.17346459076903,40.535,101722827.49694358,2480252.6142084114,
8738,Xiber LLC,"Indianapolis, IN",2020-10-02T14:15:03.207477Z,77.17346459076903,39.776,116739185.9136493,2459117.1505501936,
8738,Xiber LLC,"Indianapolis, IN",2020-10-02T14:30:03.802149Z,77.17346459076903,40.145,116849709.61439534,2461631.9878542153,
12226,Purdue University,"West Lafayette, IN",2020-10-02T14:45:03.160171Z,127.7839424178185,40.816,116743604.68803507,2465918.486557314,
8738,Xiber LLC,"Indianapolis, IN",2020-10-02T15:00:03.570249Z,77.17346459076903,40.206,116720971.05683345,2460128.986265933,
8738,Xiber LLC,"Indianapolis, IN",2020-10-02T15:15:03.301999Z,77.17346459076903,39.795,116778752.93308845,2456388.9126674915,
11441,LightBound,"Indianapolis, IN",2020-10-02T15:30:03.166452Z,77.17346459076903,40.126,112987508.47783127,2463455.175965382,
11441,LightBound,"Indianapolis, IN",2020-10-02T15:45:02.921696Z,77.17346459076903,40.3,110634109.03955765,2464721.141687151,
8738,Xiber LLC,"Indianapolis, IN",2020-10-02T16:00:03.561838Z,77.17346459076903,39.58,116690726.58241747,2458425.625612544,
8738,Xiber LLC,"Indianapolis, IN",2020-10-02T16:15:03.217165Z,77.17346459076903,39.57,116894679.44595647,2458945.4004502725,
8738,Xiber LLC,"Indianapolis, IN",2020-10-02T16:30:03.747519Z,77.17346459076903,39.683,116926428.82249145,2468327.5575694465,
14230,Frontier,"Fort Wayne, IN",2020-10-02T16:45:02.879459Z,99.48550237062841,41.625,116191631.42400056,2460371.2943784664,
8738,Xiber LLC,"Indianapolis, IN",2020-10-02T17:00:03.534587Z,77.17346459076903,39.279,116836722.6027447,2467765.793940422,
14230,Frontier,"Fort Wayne, IN",2020-10-02T17:15:03.379353Z,99.48550237062841,41.42,116770927.28308553,2460338.7918184577,
14230,Frontier,"Fort Wayne, IN",2020-10-02T17:30:03.301136Z,99.48550237062841,42.908,116941620.24782921,2436005.309320445,
8738,Xiber LLC,"Indianapolis, IN",2020-10-02T17:45:03.521841Z,77.17346459076903,40.531,116073372.70103906,2461697.0668053865,
8738,Xiber LLC,"Indianapolis, IN",2020-10-02T18:00:03.240032Z,77.17346459076903,39.513,115650080.50507182,2461577.1178405,
8738,Xiber LLC,"Indianapolis, IN",2020-10-02T18:15:03.671070Z,77.17346459076903,39.254,116903635.20054239,2460551.9577289857,
11441,LightBound,"Indianapolis, IN",2020-10-02T18:30:03.083684Z,77.17346459076903,40.49,101226518.2094918,2476585.1233907007,
11441,LightBound,"Indianapolis, IN",2020-10-02T18:45:03.328486Z,77.17346459076903,39.896,100005562.11034238,2456063.3489484256,
8738,Xiber LLC,"Indianapolis, IN",2020-10-02T19:00:03.537259Z,77.17346459076903,38.817,116197389.5147202,2457835.634051841,
8738,Xiber LLC,"Indianapolis, IN",2020-10-02T19:15:03.033369Z,77.17346459076903,39.283,7270095.63708169,2459888.4692166527,
16770,Fourway.NET,"South Bend, IN",2020-10-02T19:30:03.816252Z,176.70349732948642,39.92,115479098.94909197,2458654.452983619,
8738,Xiber LLC,"Indianapolis, IN",2020-10-02T19:45:03.245821Z,77.17346459076903,38.715,116905462.85007754,2456393.4244873435,
11546,NineStar Connect,"Greenfield, IN",2020-10-02T20:00:03.467914Z,55.67161928072508,41.333,116045426.85276113,2464206.6798004606,
8738,Xiber LLC,"Indianapolis, IN",2020-10-02T20:15:03.047585Z,77.17346459076903,39.529,117301453.86436164,2461678.4004928023,
8738,Xiber LLC,"Indianapolis, IN",2020-10-02T20:30:03.520543Z,77.17346459076903,39.296,116292320.07332832,2454833.242275023,
8738,Xiber LLC,"Indianapolis, IN",2020-10-02T20:45:02.800578Z,77.17346459076903,39.872,116303662.7887919,2458712.677844035,
8738,Xiber LLC,"Indianapolis, IN",2020-10-02T21:00:03.401990Z,77.17346459076903,40.153,116797702.98886591,2458997.282603835,
11441,LightBound,"Indianapolis, IN",2020-10-02T21:15:02.861906Z,77.17346459076903,41.378,114766670.70471203,2459243.6399563584,
14162,University of Notre Dame,"Notre Dame, IN",2020-10-02T21:30:04.057863Z,178.96241419624894,29.736,117347328.19481729,2460594.206261534,
14162,University of Notre Dame,"Notre Dame, IN",2020-10-02T21:45:03.295352Z,178.96241419624894,31.363,117878171.20963602,2461613.3408776578,
12226,Purdue University,"West Lafayette, IN",2020-10-02T22:00:03.501532Z,127.7839424178185,40.338,116923355.93483683,2477721.822482891,
12226,Purdue University,"West Lafayette, IN",2020-10-02T22:15:03.238050Z,127.7839424178185,40.281,116953465.54029539,2452562.2150448663,
12226,Purdue University,"West Lafayette, IN",2020-10-02T22:30:03.003850Z,127.7839424178185,41.91,116311993.8431877,2440576.2355230846,
8738,Xiber LLC,"Indianapolis, IN",2020-10-02T22:45:03.697160Z,77.17346459076903,38.782,116738827.00468025,2459827.3299761415,
11441,LightBound,"Indianapolis, IN",2020-10-02T23:00:03.267586Z,77.17346459076903,40.092,102781638.87403199,2474948.319290261,
8738,Xiber LLC,"Indianapolis, IN",2020-10-02T23:15:03.471563Z,77.17346459076903,39.936,116935837.09158407,2476179.3930276716,
14162,University of Notre Dame,"Notre Dame, IN",2020-10-02T23:30:03.658805Z,178.96241419624894,31.269,117738634.80586459,2464998.068569279,
12226,Purdue University,"West Lafayette, IN",2020-10-02T23:45:03.841742Z,127.7839424178185,39.735,117047982.49853446,2469372.738484775,
14230,Frontier,"Fort Wayne, IN",2020-10-03T00:00:03.206215Z,99.48550237062841,38.647,116712574.92261349,2461230.510452729,
12226,Purdue University,"West Lafayette, IN",2020-10-03T00:15:03.709097Z,127.7839424178185,39.788,116817528.27247845,2457360.4866425637,
12226,Purdue University,"West Lafayette, IN",2020-10-03T00:30:03.567150Z,127.7839424178185,39.719,117169302.84977168,2484170.481655087,
8738,Xiber LLC,"Indianapolis, IN",2020-10-03T00:45:02.769323Z,77.17346459076903,39.479,116004584.0202483,2474704.7273567584,
8738,Xiber LLC,"Indianapolis, IN",2020-10-03T01:00:03.032288Z,77.17346459076903,39.915,116390192.58507831,2457514.506524727,
8738,Xiber LLC,"Indianapolis, IN",2020-10-03T01:15:03.511181Z,77.17346459076903,40.824,116926689.07026534,2476968.441621224,
8738,Xiber LLC,"Indianapolis, IN",2020-10-03T01:30:03.085084Z,77.17346459076903,39.551,117084377.4070791,2477919.8554792474,
11441,LightBound,"Indianapolis, IN",2020-10-03T01:45:03.547521Z,77.17346459076903,40.345,104491240.6723173,2461044.129988694,
8738,Xiber LLC,"Indianapolis, IN",2020-10-03T02:00:03.226556Z,77.17346459076903,39.423,116330571.7916684,2476384.370258177,
14230,Frontier,"Fort Wayne, IN",2020-10-03T02:15:03.701019Z,99.48550237062841,39.866,116663448.25514325,2472461.9655925115,
8738,Xiber LLC,"Indianapolis, IN",2020-10-03T02:30:03.293420Z,77.17346459076903,39.114,117268431.51118547,2460612.2927164114,
8738,Xiber LLC,"Indianapolis, IN",2020-10-03T02:45:02.829585Z,77.17346459076903,39.233,115340273.7747896,2471287.936649926,
8738,Xiber LLC,"Indianapolis, IN",2020-10-03T03:00:03.160292Z,77.17346459076903,39.633,116234222.78055647,2468462.445125917,
8738,Xiber LLC,"Indianapolis, IN",2020-10-03T03:15:03.636415Z,77.17346459076903,40.748,116706458.86882153,2457576.996310614,
8738,Xiber LLC,"Indianapolis, IN",2020-10-03T03:30:03.304064Z,77.17346459076903,39.994,116206300.27276307,2462394.9613516065,
8738,Xiber LLC,"Indianapolis, IN",2020-10-03T03:45:03.724583Z,77.17346459076903,40.213,116895551.41353497,2452337.615888784,
8738,Xiber LLC,"Indianapolis, IN",2020-10-03T04:00:03.142552Z,77.17346459076903,39.031,117340557.89501238,2467424.2015980706,
8738,Xiber LLC,"Indianapolis, IN",2020-10-03T04:15:03.483774Z,77.17346459076903,39.42,116360508.52567811,2459324.6653606026,
8738,Xiber LLC,"Indianapolis, IN",2020-10-03T04:30:02.947403Z,77.17346459076903,39.796,116722782.16236424,2465252.7214261116,
12226,Purdue University,"West Lafayette, IN",2020-10-03T04:45:03.361199Z,127.7839424178185,41.176,116126075.96360183,2477050.725233315,
12226,Purdue University,"West Lafayette, IN",2020-10-03T05:00:03.564587Z,127.7839424178185,39.855,116847837.24863544,2470469.1546996664,
14162,University of Notre Dame,"Notre Dame, IN",2020-10-03T05:15:02.856564Z,178.96241419624894,31.143,117342815.46144289,2473877.566456159,
8738,Xiber LLC,"Indianapolis, IN",2020-10-03T05:30:02.869664Z,77.17346459076903,39.209,116638948.14055079,2453406.119068908,
8738,Xiber LLC,"Indianapolis, IN",2020-10-03T05:45:03.236904Z,77.17346459076903,39.488,116414090.5573524,2459831.563038694,
11441,LightBound,"Indianapolis, IN",2020-10-03T06:00:03.723527Z,77.17346459076903,40.656,106742637.70716374,2468376.261841651,
8738,Xiber LLC,"Indianapolis, IN",2020-10-03T06:15:03.149947Z,77.17346459076903,39.226,116801277.18485405,2459450.962953648,
11441,LightBound,"Indianapolis, IN",2020-10-03T06:30:03.452068Z,77.17346459076903,39.965,114369495.47862063,2469311.73411987,
9560,Metronet,"Indianapolis, IN",2020-10-03T06:45:03.667432Z,77.17346459076903,40.343,113245634.15038294,2466218.2354620844,
12226,Purdue University,"West Lafayette, IN",2020-10-03T07:00:02.818627Z,127.7839424178185,39.386,115420406.17913306,2468823.0123570245,
14162,University of Notre Dame,"Notre Dame, IN",2020-10-03T07:15:02.982607Z,178.96241419624894,29.872,117440635.52861473,2480100.661277848,
14162,University of Notre Dame,"Notre Dame, IN",2020-10-03T07:30:03.310385Z,178.96241419624894,30.994,117730846.17839117,2460853.23057287,
8738,Xiber LLC,"Indianapolis, IN",2020-10-03T07:45:03.415069Z,77.17346459076903,39.291,115707244.28490154,2467708.9710546746,
8738,Xiber LLC,"Indianapolis, IN",2020-10-03T08:00:03.638201Z,77.17346459076903,39.484,116324656.79344986,2462053.5083832494,
8738,Xiber LLC,"Indianapolis, IN",2020-10-03T08:15:02.879221Z,77.17346459076903,39.467,117052131.50383335,2465716.223995609,
8738,Xiber LLC,"Indianapolis, IN",2020-10-03T08:30:03.287961Z,77.17346459076903,39.841,116997548.67186588,2469901.9563115817,
11441,LightBound,"Indianapolis, IN",2020-10-03T08:45:03.704088Z,77.17346459076903,40.084,102526886.83191678,2457062.468926496,
14162,University of Notre Dame,"Notre Dame, IN",2020-10-03T09:00:03.270974Z,178.96241419624894,29.645,117268442.78769508,2466940.1664325856,
8738,Xiber LLC,"Indianapolis, IN",2020-10-03T09:15:03.302401Z,77.17346459076903,38.521,116866554.76281686,2458800.556436669,
8738,Xiber LLC,"Indianapolis, IN",2020-10-03T09:30:03.969082Z,77.17346459076903,39.405,116748217.28256826,2458877.3466317873,
14162,University of Notre Dame,"Notre Dame, IN",2020-10-03T09:45:03.265115Z,178.96241419624894,30.527,116989191.0210066,2464009.3916723114,
8738,Xiber LLC,"Indianapolis, IN",2020-10-03T10:00:03.496437Z,77.17346459076903,38.927,117255384.87439297,2460453.442985319,
8738,Xiber LLC,"Indianapolis, IN",2020-10-03T10:15:03.676334Z,77.17346459076903,38.858,117400799.49129353,2465098.4079811675,
8738,Xiber LLC,"Indianapolis, IN",2020-10-03T10:30:03.667220Z,77.17346459076903,38.901,117208169.01053257,2472109.196931625,
8738,Xiber LLC,"Indianapolis, IN",2020-10-03T10:45:03.749291Z,77.17346459076903,39.761,116856912.86563365,2458967.717132278,
8738,Xiber LLC,"Indianapolis, IN",2020-10-03T11:00:03.252013Z,77.17346459076903,38.813,116941430.02783023,2460748.3249998884,
8738,Xiber LLC,"Indianapolis, IN",2020-10-03T11:15:03.417330Z,77.17346459076903,38.94,115627395.71640655,2480400.1418077038,
8738,Xiber LLC,"Indianapolis, IN",2020-10-03T11:30:03.562175Z,77.17346459076903,38.727,116482238.2747867,2472955.7930549984,
8738,Xiber LLC,"Indianapolis, IN",2020-10-03T11:45:03.599584Z,77.17346459076903,39.165,116916629.37188794,2461236.430774662,
11441,LightBound,"Indianapolis, IN",2020-10-03T12:00:03.409524Z,77.17346459076903,40.201,108500450.56454284,2456715.470099502,
8738,Xiber LLC,"Indianapolis, IN",2020-10-03T12:15:02.913959Z,77.17346459076903,39.439,117051245.37339655,2434807.900538336,
14230,Frontier,"Fort Wayne, IN",2020-10-03T12:30:03.771582Z,99.48550237062841,40.611,116496365.09695262,2463007.0111943004,
11441,LightBound,"Indianapolis, IN",2020-10-03T12:45:03.580828Z,77.17346459076903,39.926,104875279.02248631,2470794.7799565597,
8738,Xiber LLC,"Indianapolis, IN",2020-10-03T13:00:02.831629Z,77.17346459076903,39.453,117208337.71887445,2456229.4573082114,
8738,Xiber LLC,"Indianapolis, IN",2020-10-03T13:15:03.021697Z,77.17346459076903,39.298,116262190.17491093,2456155.978555134,
8738,Xiber LLC,"Indianapolis, IN",2020-10-03T13:30:03.475750Z,77.17346459076903,40.397,116882852.90913247,2483150.949563792,
8738,Xiber LLC,"Indianapolis, IN",2020-10-03T13:45:03.637264Z,77.17346459076903,39.925,116883618.8507453,2462174.194810728,
8738,Xiber LLC,"Indianapolis, IN",2020-10-03T14:00:03.836544Z,77.17346459076903,39.28,116972569.75406192,2467952.4646646883,
8738,Xiber LLC,"Indianapolis, IN",2020-10-03T14:15:03.087546Z,77.17346459076903,39.879,115616075.3102625,2462043.395760989,
8738,Xiber LLC,"Indianapolis, IN",2020-10-03T14:30:03.440410Z,77.17346459076903,38.973,116175868.30813713,2479058.372964198,
8738,Xiber LLC,"Indianapolis, IN",2020-10-03T14:45:03.596893Z,77.17346459076903,39.632,115946249.97008045,2461938.3055953044,
8738,Xiber LLC,"Indianapolis, IN",2020-10-03T15:00:03.066023Z,77.17346459076903,39.47,116320987.15270613,2468275.674733551,
11441,LightBound,"Indianapolis, IN",2020-10-03T15:15:03.384940Z,77.17346459076903,39.427,112284914.70261863,2457853.1124962047,
8738,Xiber LLC,"Indianapolis, IN",2020-10-03T15:30:03.163467Z,77.17346459076903,39.863,116083210.71436442,2469820.726933536,
9560,Metronet,"Indianapolis, IN",2020-10-03T15:45:03.425619Z,77.17346459076903,39.445,117310609.81772651,2477448.435624963,
16770,Fourway.NET,"South Bend, IN",2020-10-03T16:00:03.483964Z,176.70349732948642,40.694,117002899.29131743,2452086.738805727,
8738,Xiber LLC,"Indianapolis, IN",2020-10-03T16:15:03.129133Z,77.17346459076903,39.642,117554018.63074572,2473376.4971121596,
8738,Xiber LLC,"Indianapolis, IN",2020-10-03T16:30:03.260306Z,77.17346459076903,39.139,116621411.56781906,2458680.741835151,
16770,Fourway.NET,"South Bend, IN",2020-10-03T16:45:03.613114Z,176.70349732948642,40.103,117226181.08393724,2463230.504681898,
8738,Xiber LLC,"Indianapolis, IN",2020-10-03T17:00:03.216672Z,77.17346459076903,38.821,117081642.69417058,2459800.7892447095,
8738,Xiber LLC,"Indianapolis, IN",2020-10-03T17:15:03.503985Z,77.17346459076903,39.538,116977392.33881761,2470758.564633755,
11441,LightBound,"Indianapolis, IN",2020-10-03T17:30:03.223178Z,77.17346459076903,39.599,100618835.89897037,2492082.629456372,
11441,LightBound,"Indianapolis, IN",2020-10-03T17:45:03.282678Z,77.17346459076903,39.449,105099271.92266594,2457451.3807731085,
12226,Purdue University,"West Lafayette, IN",2020-10-03T18:00:03.397299Z,127.7839424178185,41.048,115536858.21713135,2459277.216691005,
12226,Purdue University,"West Lafayette, IN",2020-10-03T18:15:03.721103Z,127.7839424178185,39.898,116637468.39975652,2458659.2041664794,
8738,Xiber LLC,"Indianapolis, IN",2020-10-03T18:30:03.392260Z,77.17346459076903,38.874,115867231.26879142,2468990.070123265,
8738,Xiber LLC,"Indianapolis, IN",2020-10-03T18:45:03.731544Z,77.17346459076903,40.058,116951581.60661481,2463298.4848843524,
12226,Purdue University,"West Lafayette, IN",2020-10-03T19:00:03.111859Z,127.7839424178185,40.659,116915533.22951977,2469023.067350258,
12226,Purdue University,"West Lafayette, IN",2020-10-03T19:15:03.393215Z,127.7839424178185,41.166,117165844.95512377,2465097.4955169023,
12226,Purdue University,"West Lafayette, IN",2020-10-03T19:30:02.934816Z,127.7839424178185,41.148,116940829.23938648,2459462.572766129,
9560,Metronet,"Indianapolis, IN",2020-10-03T19:45:03.401308Z,77.17346459076903,39.118,117452113.90251373,2476242.7923910287,
14162,University of Notre Dame,"Notre Dame, IN",2020-10-03T20:00:03.603898Z,178.96241419624894,31.056,117572608.74324383,2471498.1032990604,
12226,Purdue University,"West Lafayette, IN",2020-10-03T20:15:03.715235Z,127.7839424178185,40.505,116961789.69432938,2455926.6755091688,
8738,Xiber LLC,"Indianapolis, IN",2020-10-03T20:30:03.767561Z,77.17346459076903,39.49,116942330.30940914,2471282.26943947,
11441,LightBound,"Indianapolis, IN",2020-10-03T20:45:03.020208Z,77.17346459076903,39.712,114473351.17096473,2467101.2474123044,
11441,LightBound,"Indianapolis, IN",2020-10-03T21:00:03.381467Z,77.17346459076903,39.92,100171242.41292351,2466474.1164823044,
9560,Metronet,"Indianapolis, IN",2020-10-03T21:15:03.456642Z,77.17346459076903,38.85,117527407.28375405,2462195.7398990234,
14162,University of Notre Dame,"Notre Dame, IN",2020-10-03T21:30:03.676368Z,178.96241419624894,30.688,117382820.88433115,2461251.951513697,
8738,Xiber LLC,"Indianapolis, IN",2020-10-03T21:45:03.036417Z,77.17346459076903,39.126,117219229.11987223,2468391.123468928,
11441,LightBound,"Indianapolis, IN",2020-10-03T22:00:03.184231Z,77.17346459076903,40.291,111281346.40567403,2465111.46942458,
11441,LightBound,"Indianapolis, IN",2020-10-03T22:15:03.588348Z,77.17346459076903,40.54,103214675.2836806,2457262.2778067347,
8738,Xiber LLC,"Indianapolis, IN",2020-10-03T22:30:03.429318Z,77.17346459076903,39.957,117128991.48789385,2459616.0158093288,
8738,Xiber LLC,"Indianapolis, IN",2020-10-03T22:45:03.614152Z,77.17346459076903,39.412,116443398.35602762,2476063.6686361544,
12226,Purdue University,"West Lafayette, IN",2020-10-03T23:00:03.807416Z,127.7839424178185,41.075,115674978.65508825,2461667.7137705185,
8738,Xiber LLC,"Indianapolis, IN",2020-10-03T23:15:03.193503Z,77.17346459076903,39.705,116290405.90001446,2466681.3452684074,
12226,Purdue University,"West Lafayette, IN",2020-10-03T23:30:03.890279Z,127.7839424178185,41.298,116707206.34550254,2469482.663046454,
8738,Xiber LLC,"Indianapolis, IN",2020-10-03T23:45:03.535252Z,77.17346459076903,39.423,117219769.41562766,2468241.1438960233,
8738,Xiber LLC,"Indianapolis, IN",2020-10-04T00:00:03.668492Z,77.17346459076903,40.408,116075678.89688572,2457663.6880486463,
8738,Xiber LLC,"Indianapolis, IN",2020-10-04T00:15:03.102638Z,77.17346459076903,39.376,116694710.59625813,2457044.895490706,
8738,Xiber LLC,"Indianapolis, IN",2020-10-04T00:30:02.938190Z,77.17346459076903,39.894,114335907.52859946,2458339.135429264,
8738,Xiber LLC,"Indianapolis, IN",2020-10-04T00:45:03.711372Z,77.17346459076903,39.283,112997560.77129276,2461127.156211934,
8738,Xiber LLC,"Indianapolis, IN",2020-10-04T01:00:03.517350Z,77.17346459076903,39.498,115480293.0054796,2471405.671264217,
8738,Xiber LLC,"Indianapolis, IN",2020-10-04T01:15:02.832046Z,77.17346459076903,40.946,116638426.93074793,2465836.383029712,
8738,Xiber LLC,"Indianapolis, IN",2020-10-04T01:30:03.434054Z,77.17346459076903,40.423,116906697.91623774,2461317.083893508,
8738,Xiber LLC,"Indianapolis, IN",2020-10-04T01:45:03.298274Z,77.17346459076903,39.525,116850422.1091216,2477803.1061942945,
8738,Xiber LLC,"Indianapolis, IN",2020-10-04T02:00:03.486539Z,77.17346459076903,40.838,117358475.0610867,2458096.6618322693,
8738,Xiber LLC,"Indianapolis, IN",2020-10-04T02:15:03.145165Z,77.17346459076903,39.069,116941074.66154161,2465677.4039641623,
11441,LightBound,"Indianapolis, IN",2020-10-04T02:30:03.691651Z,77.17346459076903,39.898,109652023.19393127,2457840.414758036,
14162,University of Notre Dame,"Notre Dame, IN",2020-10-04T02:45:03.310669Z,178.96241419624894,30.732,117344234.23077843,2468975.523495047,
8738,Xiber LLC,"Indianapolis, IN",2020-10-04T03:00:03.388472Z,77.17346459076903,39.66,115788004.0535493,2466132.390782225,
14162,University of Notre Dame,"Notre Dame, IN",2020-10-04T03:15:03.835859Z,178.96241419624894,32.249,117749194.49936122,2457390.752216082,
8738,Xiber LLC,"Indianapolis, IN",2020-10-04T03:30:03.064037Z,77.17346459076903,39.436,116930538.37709104,2468233.3515610527,
8738,Xiber LLC,"Indianapolis, IN",2020-10-04T03:45:03.676405Z,77.17346459076903,39.593,115970824.66378084,2463180.145881224,
8738,Xiber LLC,"Indianapolis, IN",2020-10-04T04:00:03.336319Z,77.17346459076903,39.085,111676287.79838064,2478275.453982693,
8738,Xiber LLC,"Indianapolis, IN",2020-10-04T04:15:03.457369Z,77.17346459076903,39.21,112593820.37816893,2468226.8076816024,
8738,Xiber LLC,"Indianapolis, IN",2020-10-04T04:30:02.792036Z,77.17346459076903,39.631,116628910.1492949,2460871.7934059263,
9560,Metronet,"Indianapolis, IN",2020-10-04T04:45:03.075825Z,77.17346459076903,39.037,118082701.69214727,2464612.1702359966,
8738,Xiber LLC,"Indianapolis, IN",2020-10-04T05:00:03.181581Z,77.17346459076903,39.19,116731956.73781985,2468715.6896557687,
9560,Metronet,"Indianapolis, IN",2020-10-04T05:15:03.306900Z,77.17346459076903,38.267,117540092.52762379,2466271.6174588543,
8738,Xiber LLC,"Indianapolis, IN",2020-10-04T05:30:03.881004Z,77.17346459076903,39.146,116429004.179889,2466956.5536077376,
8738,Xiber LLC,"Indianapolis, IN",2020-10-04T05:45:03.274050Z,77.17346459076903,38.909,116655052.14586774,2468149.9968126034,
9560,Metronet,"Indianapolis, IN",2020-10-04T06:00:03.565795Z,77.17346459076903,39.138,117446758.4041736,2472193.983134482,
9560,Metronet,"Indianapolis, IN",2020-10-04T06:15:03.708266Z,77.17346459076903,38.197,117118697.7693486,2466066.4935122347,
9560,Metronet,"Indianapolis, IN",2020-10-04T06:30:02.896806Z,77.17346459076903,38.818,117786672.49663071,2465938.752259945,
14162,University of Notre Dame,"Notre Dame, IN",2020-10-04T06:45:03.025457Z,178.96241419624894,32.097,117500896.33241515,2464810.50726442,
14162,University of Notre Dame,"Notre Dame, IN",2020-10-04T07:00:03.547903Z,178.96241419624894,30.108,117082646.08071229,2464907.6995872194,
9560,Metronet,"Indianapolis, IN",2020-10-04T07:15:02.806727Z,77.17346459076903,38.464,117669962.46569788,2477622.5650219093,
14162,University of Notre Dame,"Notre Dame, IN",2020-10-04T07:30:03.405065Z,178.96241419624894,29.671,117537458.34719892,2462367.5082385396,
14162,University of Notre Dame,"Notre Dame, IN",2020-10-04T07:45:03.753983Z,178.96241419624894,30.97,117802297.96088803,2460901.0671103173,
16770,Fourway.NET,"South Bend, IN",2020-10-04T08:00:03.114278Z,176.70349732948642,40.654,117278960.69139247,2467105.7261200156,
14162,University of Notre Dame,"Notre Dame, IN",2020-10-04T08:15:03.408659Z,178.96241419624894,30.145,117799056.91743842,2462862.715378865,
